id,sector,revenue_growth,ebitda_margin,wacc,terminal_growth,is_anomaly,anomaly_type,generated_at
1,Biotech,0.6455,-0.0352,0.0976,0.025,False,None,2025-12-06T17:11:20.620303
2,Fintech,-0.0223,0.0861,0.075,0.0311,False,None,2025-12-06T17:11:20.620354
3,Biotech,0.1621,-0.4725,0.0853,0.0297,False,None,2025-12-06T17:11:20.620372
4,Biotech,0.1544,0.2194,0.1033,0.0172,False,None,2025-12-06T17:11:20.620382
5,Biotech,0.0702,-0.051,0.0835,0.0246,False,None,2025-12-06T17:11:20.620393
6,Consumer,0.0891,0.1279,0.072,0.0368,False,None,2025-12-06T17:11:20.620403
7,Consumer,0.1152,0.2006,0.0961,0.0253,False,None,2025-12-06T17:11:20.620413
8,SaaS,0.1005,-0.0727,0.0511,0.0212,False,None,2025-12-06T17:11:20.620422
9,Manufacturing,0.0071,0.0582,0.0541,0.0276,False,None,2025-12-06T17:11:20.620431
10,SaaS,0.1622,0.131,0.0725,0.0317,False,None,2025-12-06T17:11:20.620441
11,Biotech,0.4575,-0.1533,0.1341,0.0227,False,None,2025-12-06T17:11:20.620452
12,Fintech,-0.0023,0.1281,0.0705,0.0194,False,None,2025-12-06T17:11:20.620461
13,Fintech,0.0175,0.1696,0.0901,0.0387,False,None,2025-12-06T17:11:20.620470
14,Manufacturing,0.0907,0.176,0.0683,0.0358,False,None,2025-12-06T17:11:20.620479
15,Manufacturing,0.1069,0.1513,0.0883,0.0286,False,None,2025-12-06T17:11:20.620488
16,Biotech,-0.2152,0.0664,0.0854,0.0264,False,None,2025-12-06T17:11:20.620499
17,SaaS,0.2256,0.289,0.0658,0.022,False,None,2025-12-06T17:11:20.620507
18,Biotech,0.1559,-0.003,0.0767,0.0252,False,None,2025-12-06T17:11:20.620516
19,Consumer,0.6,-0.3,0.0715,0.0237,True,HighGrowth_LowMargin,2025-12-06T17:11:20.620526
20,Biotech,0.0786,0.0082,0.0246,0.0225,False,None,2025-12-06T17:11:20.620534
21,Fintech,0.0782,0.1433,0.0802,0.0225,False,None,2025-12-06T17:11:20.620550
22,Biotech,0.0088,-0.1406,0.0985,0.0254,False,None,2025-12-06T17:11:20.620558
23,Fintech,0.0765,0.1002,0.0731,0.0221,False,None,2025-12-06T17:11:20.620567
24,Manufacturing,0.0185,0.0897,0.1037,0.0245,False,None,2025-12-06T17:11:20.620576
25,Biotech,0.2263,-0.1982,0.0454,0.0273,False,None,2025-12-06T17:11:20.620586
26,Biotech,0.3264,-0.2671,0.0833,0.0352,False,None,2025-12-06T17:11:20.620594
27,Fintech,0.0679,0.0977,0.0865,0.0258,False,None,2025-12-06T17:11:20.620604
28,Fintech,-0.014,0.1256,0.087,0.0196,False,None,2025-12-06T17:11:20.620613
29,SaaS,0.2989,0.1474,0.0758,0.0224,False,None,2025-12-06T17:11:20.620622
30,Fintech,0.0356,0.1849,0.0769,0.027,False,None,2025-12-06T17:11:20.620631
31,Fintech,0.1145,0.171,0.0733,0.0268,False,None,2025-12-06T17:11:20.620639
32,Manufacturing,0.0937,0.1252,0.1108,0.0268,False,None,2025-12-06T17:11:20.620648
33,Manufacturing,-0.0004,0.2725,0.057,0.0177,False,None,2025-12-06T17:11:20.620656
34,Manufacturing,0.0444,0.1521,0.0846,0.0176,False,None,2025-12-06T17:11:20.620666
35,Manufacturing,0.005,0.1379,0.0749,0.0193,False,None,2025-12-06T17:11:20.620675
36,Biotech,-0.2352,-0.4604,0.1133,0.0225,False,None,2025-12-06T17:11:20.620684
37,Fintech,0.05,0.1048,0.0766,0.0366,False,None,2025-12-06T17:11:20.620692
38,SaaS,0.0874,0.138,0.0764,0.021,False,None,2025-12-06T17:11:20.620701
39,Consumer,0.0607,0.0297,0.0805,0.0309,False,None,2025-12-06T17:11:20.620710
40,SaaS,0.3884,-0.0616,0.0681,0.0202,False,None,2025-12-06T17:11:20.620721
41,Manufacturing,0.6,-0.3,0.1033,0.022,True,HighGrowth_LowMargin,2025-12-06T17:11:20.620730
42,Biotech,0.177,-0.1635,0.0708,0.0364,False,None,2025-12-06T17:11:20.620739
43,Manufacturing,-0.0441,0.1303,0.0885,0.0247,False,None,2025-12-06T17:11:20.620749
44,Biotech,-0.194,0.0336,0.0653,0.0262,False,None,2025-12-06T17:11:20.620757
45,Biotech,-0.3093,-0.4008,0.1045,0.0204,False,None,2025-12-06T17:11:20.620767
46,Biotech,0.0116,-0.2705,0.0895,0.0214,False,None,2025-12-06T17:11:20.620776
47,Consumer,0.0573,0.1376,0.0553,0.0246,False,None,2025-12-06T17:11:20.620785
48,SaaS,0.126,0.1805,0.0725,0.0255,False,None,2025-12-06T17:11:20.620795
49,Biotech,0.5875,-0.1551,0.0795,0.025,False,None,2025-12-06T17:11:20.620805
50,Consumer,0.005,0.1824,0.0611,0.0209,False,None,2025-12-06T17:11:20.620814
51,Biotech,0.4341,-0.0795,0.0787,0.03,False,None,2025-12-06T17:11:20.620824
52,SaaS,0.1559,0.0502,0.0916,0.0283,False,None,2025-12-06T17:11:20.620832
53,Manufacturing,0.0991,0.1696,0.054,0.027,False,None,2025-12-06T17:11:20.620841
54,SaaS,0.3723,-0.0436,0.0376,0.0303,False,None,2025-12-06T17:11:20.620850
55,SaaS,0.2687,-0.0021,0.0198,0.0241,False,None,2025-12-06T17:11:20.620859
56,Biotech,0.1938,-0.0176,0.0816,0.0158,False,None,2025-12-06T17:11:20.620867
57,Fintech,0.1571,0.0408,0.1025,0.0247,False,None,2025-12-06T17:11:20.620877
58,Fintech,0.0748,0.1864,0.1298,0.024,False,None,2025-12-06T17:11:20.620886
59,Fintech,0.0074,0.0599,0.066,0.0248,False,None,2025-12-06T17:11:20.620895
60,SaaS,0.6,-0.3,0.0735,0.022,True,HighGrowth_LowMargin,2025-12-06T17:11:20.620905
61,Biotech,0.1865,0.3356,0.0882,0.025,False,None,2025-12-06T17:11:20.620914
62,Manufacturing,0.0004,0.057,0.0958,0.0227,False,None,2025-12-06T17:11:20.620922
63,Consumer,0.0274,0.1832,0.0653,0.015,False,None,2025-12-06T17:11:20.620932
64,Biotech,-0.0902,-0.3005,0.0589,0.0188,False,None,2025-12-06T17:11:20.620940
65,Manufacturing,0.0106,0.168,0.0381,0.016,False,None,2025-12-06T17:11:20.620949
66,SaaS,0.2805,0.1523,0.0997,0.0313,False,None,2025-12-06T17:11:20.620959
67,Fintech,0.0652,0.0273,0.0797,0.0257,False,None,2025-12-06T17:11:20.620968
68,Manufacturing,0.0239,0.1886,0.072,0.0257,False,None,2025-12-06T17:11:20.620976
69,Manufacturing,-0.0269,0.1331,0.0674,0.0245,False,None,2025-12-06T17:11:20.620987
70,Consumer,0.0591,0.1365,0.0451,0.0227,False,None,2025-12-06T17:11:20.620996
71,Fintech,0.024,0.1415,0.0583,0.0203,False,None,2025-12-06T17:11:20.621008
72,SaaS,0.1659,0.1076,0.0888,0.0187,False,None,2025-12-06T17:11:20.621021
73,Consumer,0.0233,0.1968,0.0435,0.0163,False,None,2025-12-06T17:11:20.621030
74,Consumer,0.0243,0.0827,0.0808,0.0317,False,None,2025-12-06T17:11:20.621050
75,Consumer,0.0896,0.0357,0.1041,0.0288,False,None,2025-12-06T17:11:20.621060
76,Fintech,0.0037,0.1061,0.0729,0.0299,False,None,2025-12-06T17:11:20.621070
77,Consumer,0.04,0.176,0.0372,0.0224,False,None,2025-12-06T17:11:20.621079
78,Consumer,0.0545,0.2434,0.0471,0.0238,False,None,2025-12-06T17:11:20.621088
79,Consumer,0.1136,0.0822,0.0621,0.0259,False,None,2025-12-06T17:11:20.621099
80,SaaS,0.2445,0.4169,0.1073,0.0277,False,None,2025-12-06T17:11:20.621108
81,Manufacturing,0.0179,0.0581,0.0763,0.0351,False,None,2025-12-06T17:11:20.621117
82,Biotech,0.1311,-0.1997,0.068,0.0199,False,None,2025-12-06T17:11:20.621126
83,Consumer,0.6,-0.3,0.064,0.0252,True,HighGrowth_LowMargin,2025-12-06T17:11:20.621135
84,Manufacturing,0.0569,0.153,0.0596,0.0268,False,None,2025-12-06T17:11:20.621146
85,Fintech,0.0138,0.198,0.1202,0.0268,False,None,2025-12-06T17:11:20.621155
86,Manufacturing,0.0597,0.0355,0.07,0.0267,False,None,2025-12-06T17:11:20.621164
87,Consumer,0.0567,0.1578,0.0907,0.0382,False,None,2025-12-06T17:11:20.621172
88,Biotech,-0.0475,0.0793,0.0725,0.0256,False,None,2025-12-06T17:11:20.621180
89,Fintech,0.0082,0.1805,0.0637,0.0214,False,None,2025-12-06T17:11:20.621189
90,Biotech,-0.3885,-0.4147,0.0868,0.0258,False,None,2025-12-06T17:11:20.621198
91,SaaS,0.2005,0.0317,0.1024,0.0157,False,None,2025-12-06T17:11:20.621207
92,Biotech,0.0273,-0.1261,0.0705,0.0241,False,None,2025-12-06T17:11:20.621217
93,Fintech,0.0665,0.1423,0.1138,0.0156,False,None,2025-12-06T17:11:20.621227
94,Consumer,0.0273,0.1361,0.1025,0.0259,False,None,2025-12-06T17:11:20.621237
95,Fintech,0.1946,0.1699,0.0866,0.0289,False,None,2025-12-06T17:11:20.621245
96,Biotech,0.3827,-0.0376,0.0565,0.0307,False,None,2025-12-06T17:11:20.621255
97,Biotech,0.0288,0.0634,0.1017,0.0338,False,None,2025-12-06T17:11:20.621265
98,SaaS,0.1386,0.0382,0.0476,0.0309,False,None,2025-12-06T17:11:20.621275
99,SaaS,0.0733,-0.0857,0.118,0.0236,False,None,2025-12-06T17:11:20.621286
100,Biotech,0.2159,-0.5999,0.0964,0.0223,False,None,2025-12-06T17:11:20.621295
101,Biotech,0.6,-0.3,0.0638,0.0193,True,HighGrowth_LowMargin,2025-12-06T17:11:20.621304
102,Biotech,0.6,-0.3,0.097,0.0322,True,HighGrowth_LowMargin,2025-12-06T17:11:20.621313
103,SaaS,0.2001,0.2286,0.125,0.016,False,None,2025-12-06T17:11:20.621324
104,Consumer,0.0612,0.1247,0.1068,0.0249,False,None,2025-12-06T17:11:20.621333
105,SaaS,0.0383,0.0481,0.1207,0.0282,False,None,2025-12-06T17:11:20.621344
106,SaaS,0.2947,0.1811,0.0631,0.0194,False,None,2025-12-06T17:11:20.621354
107,Fintech,0.0357,0.1465,0.055,0.0217,False,None,2025-12-06T17:11:20.621363
108,SaaS,0.2132,0.1598,0.1178,0.0165,False,None,2025-12-06T17:11:20.621372
109,Consumer,0.0896,0.1728,0.0611,0.0195,False,None,2025-12-06T17:11:20.621380
110,Biotech,0.2579,0.331,0.0841,0.0187,False,None,2025-12-06T17:11:20.621391
111,Fintech,0.041,0.1662,0.0865,0.0307,False,None,2025-12-06T17:11:20.621400
112,Manufacturing,-0.0039,0.1187,0.0978,0.029,False,None,2025-12-06T17:11:20.621409
113,SaaS,0.1313,-0.2605,0.0816,0.0301,False,None,2025-12-06T17:11:20.621417
114,Consumer,0.0933,0.1703,0.0736,0.0298,False,None,2025-12-06T17:11:20.621427
115,SaaS,0.055,-0.0982,0.0575,0.0328,False,None,2025-12-06T17:11:20.621436
116,Fintech,0.0598,0.2173,0.0605,0.0249,False,None,2025-12-06T17:11:20.621445
117,Consumer,0.0271,0.0492,0.0691,0.0282,False,None,2025-12-06T17:11:20.621455
118,Consumer,0.1325,0.1556,0.0794,0.0148,False,None,2025-12-06T17:11:20.621466
119,Manufacturing,0.0426,0.1529,0.0753,0.012,False,None,2025-12-06T17:11:20.621474
120,Consumer,-0.0174,0.0762,0.0644,0.0165,False,None,2025-12-06T17:11:20.621482
121,Consumer,-0.014,0.1855,0.0707,0.0219,False,None,2025-12-06T17:11:20.621491
122,Fintech,0.0017,0.1822,0.039,0.0142,False,None,2025-12-06T17:11:20.621500
123,Fintech,0.1453,0.1381,0.1199,0.0189,False,None,2025-12-06T17:11:20.621508
124,Manufacturing,0.1994,0.0753,0.1067,0.0385,False,None,2025-12-06T17:11:20.621518
125,Biotech,0.4066,-0.3827,0.0603,0.0375,False,None,2025-12-06T17:11:20.621526
126,Fintech,0.103,0.051,0.0568,0.0177,False,None,2025-12-06T17:11:20.621535
127,Fintech,0.0211,0.2298,0.0646,0.0284,False,None,2025-12-06T17:11:20.621544
128,SaaS,0.4087,0.0767,0.0783,0.0257,False,None,2025-12-06T17:11:20.621552
129,Biotech,0.2939,-0.4453,0.0789,0.0252,False,None,2025-12-06T17:11:20.621561
130,Fintech,0.081,0.0917,0.0743,0.0249,False,None,2025-12-06T17:11:20.621570
131,Fintech,-0.0119,0.1181,0.1011,0.0097,False,None,2025-12-06T17:11:20.621579
132,Fintech,-0.0178,0.1675,0.0924,0.0189,False,None,2025-12-06T17:11:20.621587
133,Consumer,-0.0207,0.1355,0.0929,0.0264,False,None,2025-12-06T17:11:20.621595
134,Fintech,-0.0386,0.1797,0.0602,0.0228,False,None,2025-12-06T17:11:20.621605
135,SaaS,0.1894,0.2043,0.075,0.0238,False,None,2025-12-06T17:11:20.621616
136,Manufacturing,0.6,-0.3,0.0933,0.0327,True,HighGrowth_LowMargin,2025-12-06T17:11:20.621625
137,Consumer,0.0003,0.1256,0.0989,0.0208,False,None,2025-12-06T17:11:20.621635
138,Biotech,-0.0369,-0.2709,0.1011,0.0247,False,None,2025-12-06T17:11:20.621647
139,Fintech,-0.057,0.0671,0.0783,0.0237,False,None,2025-12-06T17:11:20.621656
140,SaaS,0.1608,0.3062,0.0844,0.0247,False,None,2025-12-06T17:11:20.621665
141,Manufacturing,0.0269,0.2248,0.0994,0.0197,False,None,2025-12-06T17:11:20.621674
142,Biotech,0.0016,0.1438,0.0525,0.0259,False,None,2025-12-06T17:11:20.621682
143,Consumer,0.0716,0.1579,0.0722,0.0205,False,None,2025-12-06T17:11:20.621691
144,Consumer,0.0502,0.1409,0.0802,0.0245,False,None,2025-12-06T17:11:20.621700
145,Manufacturing,0.0546,0.1486,0.0807,0.0233,False,None,2025-12-06T17:11:20.621710
146,Manufacturing,-0.0493,0.2064,0.0834,0.0378,False,None,2025-12-06T17:11:20.621719
147,SaaS,0.1107,0.3733,0.0568,0.021,False,None,2025-12-06T17:11:20.621727
148,SaaS,0.6,-0.3,0.0716,0.0243,True,HighGrowth_LowMargin,2025-12-06T17:11:20.621737
149,Biotech,-0.0467,0.1432,0.0865,0.0209,False,None,2025-12-06T17:11:20.621746
150,Fintech,0.0483,0.1851,0.1089,0.0275,False,None,2025-12-06T17:11:20.621755
151,SaaS,-0.0616,0.0306,0.0735,0.0266,False,None,2025-12-06T17:11:20.621763
152,Biotech,0.3043,0.2845,0.0827,0.0304,False,None,2025-12-06T17:11:20.621773
153,Biotech,0.4645,-0.1095,0.0942,0.0271,False,None,2025-12-06T17:11:20.621784
154,Fintech,-0.0318,0.0807,0.0907,0.0263,False,None,2025-12-06T17:11:20.621794
155,Biotech,0.1422,-0.4565,0.0601,0.021,False,None,2025-12-06T17:11:20.621803
156,Biotech,-0.1437,0.2307,0.0475,0.0202,False,None,2025-12-06T17:11:20.621814
157,Consumer,-0.0206,0.1486,0.108,0.027,False,None,2025-12-06T17:11:20.621831
158,SaaS,0.2284,0.1279,0.0619,0.0348,False,None,2025-12-06T17:11:20.621840
159,SaaS,0.2215,0.1496,0.0568,0.0271,False,None,2025-12-06T17:11:20.621849
160,SaaS,0.1053,0.3447,0.0666,0.0206,False,None,2025-12-06T17:11:20.621858
161,Consumer,0.0268,0.1159,0.0288,0.029,False,None,2025-12-06T17:11:20.621866
162,Biotech,0.4366,-0.4309,0.0768,0.02,False,None,2025-12-06T17:11:20.621875
163,Fintech,0.0856,0.292,0.0907,0.0308,False,None,2025-12-06T17:11:20.621884
164,Fintech,0.0859,0.145,0.0827,0.0243,False,None,2025-12-06T17:11:20.621892
165,SaaS,0.0772,0.1483,0.0473,0.0277,False,None,2025-12-06T17:11:20.621900
166,Manufacturing,0.0622,0.1693,0.0636,0.0307,False,None,2025-12-06T17:11:20.621909
167,Biotech,0.114,0.1393,0.1066,0.018,False,None,2025-12-06T17:11:20.621921
168,Biotech,0.1315,0.0654,0.0813,0.0201,False,None,2025-12-06T17:11:20.621929
169,Fintech,0.082,0.2125,0.0726,0.0326,False,None,2025-12-06T17:11:20.621939
170,Biotech,0.1763,-0.5323,0.1012,0.0193,False,None,2025-12-06T17:11:20.621949
171,Biotech,0.6312,0.0828,0.1041,0.0303,False,None,2025-12-06T17:11:20.621957
172,Biotech,-0.0498,0.1209,0.0894,0.023,False,None,2025-12-06T17:11:20.621965
173,SaaS,0.1418,0.0221,0.0763,0.0279,False,None,2025-12-06T17:11:20.621974
174,Manufacturing,0.0201,0.1737,0.0417,0.0362,False,None,2025-12-06T17:11:20.621985
175,Manufacturing,0.0615,0.2195,0.0819,0.0299,False,None,2025-12-06T17:11:20.621995
176,Manufacturing,0.0127,0.1581,0.0814,0.0297,False,None,2025-12-06T17:11:20.622004
177,SaaS,0.6,-0.3,0.063,0.0352,True,HighGrowth_LowMargin,2025-12-06T17:11:20.622018
178,Manufacturing,0.1715,0.0707,0.0816,0.026,False,None,2025-12-06T17:11:20.622026
179,Fintech,0.0769,0.1628,0.0554,0.0202,False,None,2025-12-06T17:11:20.622034
180,Biotech,0.4421,0.0415,0.1077,0.0194,False,None,2025-12-06T17:11:20.622042
181,Manufacturing,0.0235,0.1359,0.0981,0.0329,False,None,2025-12-06T17:11:20.622051
182,SaaS,0.3906,-0.0002,0.086,0.0299,False,None,2025-12-06T17:11:20.622060
183,Fintech,0.1086,0.1787,0.0915,0.0264,False,None,2025-12-06T17:11:20.622069
184,Biotech,0.2693,-0.1226,0.0686,0.0247,False,None,2025-12-06T17:11:20.622078
185,Fintech,0.0575,0.1863,0.063,0.0287,False,None,2025-12-06T17:11:20.622087
186,Biotech,-0.05,-0.1587,0.0681,0.0203,False,None,2025-12-06T17:11:20.622096
187,Manufacturing,0.0843,0.216,0.0664,0.0294,False,None,2025-12-06T17:11:20.622105
188,SaaS,0.1068,0.0909,0.0998,0.0283,False,None,2025-12-06T17:11:20.622114
189,Manufacturing,0.0829,0.1562,0.1058,0.0227,False,None,2025-12-06T17:11:20.622122
190,Biotech,0.2453,0.0956,0.0822,0.0247,False,None,2025-12-06T17:11:20.622131
191,SaaS,0.1788,0.2495,0.0949,0.0276,False,None,2025-12-06T17:11:20.622139
192,Consumer,0.0752,0.0444,0.1089,0.0228,False,None,2025-12-06T17:11:20.622148
193,Consumer,0.126,0.1964,0.0776,0.0247,False,None,2025-12-06T17:11:20.622157
194,Biotech,0.2085,-0.2223,0.1168,0.0306,False,None,2025-12-06T17:11:20.622168
195,SaaS,0.2577,0.2899,0.1149,0.0207,False,None,2025-12-06T17:11:20.622179
196,SaaS,0.124,0.2013,0.0912,0.0226,False,None,2025-12-06T17:11:20.622190
197,Consumer,0.0858,0.128,0.0747,0.0232,False,None,2025-12-06T17:11:20.622198
198,SaaS,0.0338,-0.0171,0.0876,0.019,False,None,2025-12-06T17:11:20.622209
199,SaaS,0.1339,0.2601,0.1136,0.0247,False,None,2025-12-06T17:11:20.622219
200,Fintech,0.0663,0.0639,0.0772,0.0275,False,None,2025-12-06T17:11:20.622227
201,SaaS,0.1572,-0.0616,0.0905,0.0239,False,None,2025-12-06T17:11:20.622236
202,SaaS,0.2396,-0.0116,0.0969,0.026,False,None,2025-12-06T17:11:20.622247
203,Consumer,0.1236,0.1639,0.0834,0.0296,False,None,2025-12-06T17:11:20.622256
204,Fintech,-0.074,0.1028,0.0723,0.0196,False,None,2025-12-06T17:11:20.622264
205,Manufacturing,-0.0457,0.1317,0.0948,0.0346,False,None,2025-12-06T17:11:20.622274
206,SaaS,0.288,0.2195,0.0613,0.0236,False,None,2025-12-06T17:11:20.622282
207,Manufacturing,0.133,0.0586,0.0457,0.0211,False,None,2025-12-06T17:11:20.622292
208,Biotech,0.143,0.1617,0.0858,0.0331,False,None,2025-12-06T17:11:20.622300
209,Consumer,0.0286,0.0887,0.0639,0.0225,False,None,2025-12-06T17:11:20.622307
210,Biotech,0.0087,-0.2754,0.1004,0.0277,False,None,2025-12-06T17:11:20.622315
211,Consumer,0.0038,0.0557,0.0879,0.0317,False,None,2025-12-06T17:11:20.622324
212,Manufacturing,0.0137,0.2295,0.0574,0.0295,False,None,2025-12-06T17:11:20.622332
213,Fintech,0.07,0.2224,0.0676,0.0259,False,None,2025-12-06T17:11:20.622340
214,SaaS,0.1233,-0.0674,0.089,0.0224,False,None,2025-12-06T17:11:20.622348
215,SaaS,0.2258,0.1558,0.0905,0.0276,False,None,2025-12-06T17:11:20.622356
216,Consumer,0.1359,0.1774,0.095,0.0287,False,None,2025-12-06T17:11:20.622367
217,Consumer,0.1105,0.2584,0.0571,0.0335,False,None,2025-12-06T17:11:20.622375
218,SaaS,0.1063,0.1314,0.1131,0.029,False,None,2025-12-06T17:11:20.622383
219,SaaS,0.2553,0.2336,0.0527,0.0251,False,None,2025-12-06T17:11:20.622394
220,Biotech,0.5646,-0.0698,0.0877,0.0247,False,None,2025-12-06T17:11:20.622403
221,Biotech,0.0005,0.2475,0.0602,0.0247,False,None,2025-12-06T17:11:20.622411
222,SaaS,0.1761,0.153,0.09,0.0188,False,None,2025-12-06T17:11:20.622420
223,Biotech,-0.261,0.0589,0.0919,0.0217,False,None,2025-12-06T17:11:20.622428
224,Consumer,0.0235,0.1495,0.0615,0.024,False,None,2025-12-06T17:11:20.622436
225,Biotech,-0.0242,-0.4379,0.1138,0.0313,False,None,2025-12-06T17:11:20.622445
226,Biotech,-0.1417,0.4202,0.0915,0.0271,False,None,2025-12-06T17:11:20.622453
227,SaaS,0.2715,0.0965,0.1007,0.0214,False,None,2025-12-06T17:11:20.622462
228,Manufacturing,0.0381,0.2028,0.1052,0.0266,False,None,2025-12-06T17:11:20.622471
229,Consumer,0.0628,0.0917,0.0668,0.0229,False,None,2025-12-06T17:11:20.622481
230,SaaS,0.2662,0.0388,0.086,0.0265,False,None,2025-12-06T17:11:20.622488
231,Fintech,0.1378,0.2209,0.0662,0.0225,False,None,2025-12-06T17:11:20.622501
232,Fintech,0.0475,0.2131,0.0835,0.0228,False,None,2025-12-06T17:11:20.622509
233,SaaS,0.2893,0.2792,0.1209,0.0242,False,None,2025-12-06T17:11:20.622518
234,SaaS,0.2407,0.0981,0.0666,0.0293,False,None,2025-12-06T17:11:20.622529
235,Biotech,0.4196,-0.5998,0.0363,0.0328,False,None,2025-12-06T17:11:20.622540
236,Manufacturing,0.1455,0.1022,0.0922,0.0221,False,None,2025-12-06T17:11:20.622549
237,Biotech,0.241,0.0183,0.115,0.0309,False,None,2025-12-06T17:11:20.622557
238,SaaS,0.154,0.2595,0.0574,0.0264,False,None,2025-12-06T17:11:20.622564
239,Consumer,0.0719,0.2043,0.0984,0.0103,False,None,2025-12-06T17:11:20.622572
240,Consumer,-0.0252,0.1722,0.08,0.0297,False,None,2025-12-06T17:11:20.622581
241,Manufacturing,-0.0208,0.1054,0.0539,0.0218,False,None,2025-12-06T17:11:20.622589
242,Fintech,-0.0094,0.2414,0.0634,0.0253,False,None,2025-12-06T17:11:20.622597
243,Manufacturing,0.0811,0.0697,0.092,0.0198,False,None,2025-12-06T17:11:20.622606
244,SaaS,0.3706,0.0465,0.0445,0.013,False,None,2025-12-06T17:11:20.622614
245,Biotech,0.4448,-0.159,0.0877,0.0292,False,None,2025-12-06T17:11:20.622623
246,SaaS,0.1939,0.1906,0.0476,0.031,False,None,2025-12-06T17:11:20.622633
247,SaaS,0.1829,-0.0814,0.079,0.0243,False,None,2025-12-06T17:11:20.622640
248,Manufacturing,0.0819,0.1191,0.0663,0.0268,False,None,2025-12-06T17:11:20.622649
249,Biotech,0.0303,0.3463,0.0689,0.0286,False,None,2025-12-06T17:11:20.622659
250,Consumer,0.0355,0.1858,0.0585,0.0257,False,None,2025-12-06T17:11:20.622669
251,Manufacturing,-0.0244,0.179,0.0501,0.0234,False,None,2025-12-06T17:11:20.622677
252,Manufacturing,-0.0021,0.1574,0.0698,0.0309,False,None,2025-12-06T17:11:20.622686
253,Fintech,0.0056,0.1233,0.035,0.0285,False,None,2025-12-06T17:11:20.622694
254,Manufacturing,0.1482,0.0846,0.0873,0.0247,False,None,2025-12-06T17:11:20.622703
255,Biotech,0.1774,-0.0148,0.0915,0.0234,False,None,2025-12-06T17:11:20.622714
256,Manufacturing,0.0131,0.1538,0.0848,0.0257,False,None,2025-12-06T17:11:20.622723
257,SaaS,0.2945,-0.1683,0.0827,0.0201,False,None,2025-12-06T17:11:20.622733
258,Biotech,0.2023,-0.2528,0.034,0.0233,False,None,2025-12-06T17:11:20.622745
259,Consumer,0.0367,0.1252,0.0775,0.0293,False,None,2025-12-06T17:11:20.622753
260,Fintech,0.0431,0.1527,0.0885,0.0311,False,None,2025-12-06T17:11:20.622763
261,Manufacturing,0.0045,0.2349,0.039,0.0311,False,None,2025-12-06T17:11:20.622772
262,SaaS,0.145,-0.0818,0.0758,0.0177,False,None,2025-12-06T17:11:20.622787
263,SaaS,0.1575,0.0947,0.0402,0.0183,False,None,2025-12-06T17:11:20.622798
264,Manufacturing,0.0595,0.1079,0.1022,0.0268,False,None,2025-12-06T17:11:20.622807
265,Manufacturing,0.0458,0.2038,0.0627,0.0288,False,None,2025-12-06T17:11:20.622817
266,SaaS,0.2472,0.1116,0.0981,0.0208,False,None,2025-12-06T17:11:20.622827
267,SaaS,0.217,0.0981,0.0616,0.0277,False,None,2025-12-06T17:11:20.622836
268,Biotech,0.1638,-0.0219,0.077,0.0143,False,None,2025-12-06T17:11:20.622845
269,Manufacturing,0.1365,0.1439,0.0961,0.0162,False,None,2025-12-06T17:11:20.622853
270,SaaS,0.096,0.286,0.0865,0.0214,False,None,2025-12-06T17:11:20.622864
271,Consumer,0.0895,0.2873,0.1102,0.0274,False,None,2025-12-06T17:11:20.622873
272,Manufacturing,0.0937,0.1537,0.1035,0.0184,False,None,2025-12-06T17:11:20.622882
273,Manufacturing,0.0427,0.104,0.0793,0.0232,False,None,2025-12-06T17:11:20.622891
274,Biotech,0.2638,-0.2014,0.0666,0.0242,False,None,2025-12-06T17:11:20.622902
275,Consumer,0.0834,0.2579,0.0808,0.0204,False,None,2025-12-06T17:11:20.622911
276,SaaS,0.1464,0.1839,0.0824,0.0278,False,None,2025-12-06T17:11:20.622920
277,Consumer,0.068,0.1175,0.0763,0.0143,False,None,2025-12-06T17:11:20.622930
278,Fintech,0.0603,0.1771,0.0592,0.0281,False,None,2025-12-06T17:11:20.622938
279,Biotech,0.3617,-0.1962,0.1036,0.0281,False,None,2025-12-06T17:11:20.622948
280,SaaS,0.2015,-0.0945,0.0659,0.0253,False,None,2025-12-06T17:11:20.622956
281,Manufacturing,0.0668,0.1445,0.0409,0.0252,False,None,2025-12-06T17:11:20.622964
282,Manufacturing,0.0836,0.0886,0.0866,0.0185,False,None,2025-12-06T17:11:20.622973
283,Biotech,0.2051,-0.0193,0.0975,0.0235,False,None,2025-12-06T17:11:20.622982
284,Fintech,0.0256,0.1666,0.0771,0.0292,False,None,2025-12-06T17:11:20.622990
285,Manufacturing,-0.0035,0.1641,0.043,0.0211,False,None,2025-12-06T17:11:20.622999
286,SaaS,0.1702,0.158,0.0625,0.0226,False,None,2025-12-06T17:11:20.623008
287,Manufacturing,0.1015,0.1436,0.067,0.0203,False,None,2025-12-06T17:11:20.623016
288,Consumer,0.0373,0.1396,0.0983,0.0229,False,None,2025-12-06T17:11:20.623028
289,Consumer,0.1223,0.3074,0.0933,0.0224,False,None,2025-12-06T17:11:20.623037
290,SaaS,0.0463,0.0353,0.0803,0.0327,False,None,2025-12-06T17:11:20.623065
291,Consumer,0.6,-0.3,0.1094,0.0113,True,HighGrowth_LowMargin,2025-12-06T17:11:20.623073
292,Fintech,0.0373,0.1633,0.1062,0.0204,False,None,2025-12-06T17:11:20.623083
293,Consumer,0.0851,0.1943,0.1057,0.0317,False,None,2025-12-06T17:11:20.623092
294,Biotech,0.0459,-0.2373,0.0818,0.0297,False,None,2025-12-06T17:11:20.623104
295,Fintech,0.0787,0.1377,0.0813,0.026,False,None,2025-12-06T17:11:20.623113
296,Biotech,0.1924,-0.1143,0.079,0.0333,False,None,2025-12-06T17:11:20.623123
297,Consumer,0.0451,0.1471,0.0777,0.0283,False,None,2025-12-06T17:11:20.623131
298,Manufacturing,0.6,-0.3,0.1149,0.0302,True,HighGrowth_LowMargin,2025-12-06T17:11:20.623140
299,Manufacturing,0.0283,0.1871,0.0688,0.0214,False,None,2025-12-06T17:11:20.623149
300,Manufacturing,0.0682,0.1632,0.0733,0.0321,False,None,2025-12-06T17:11:20.623158
301,SaaS,0.3383,0.1811,0.0661,0.0215,False,None,2025-12-06T17:11:20.623166
302,Manufacturing,0.0057,0.1378,0.0492,0.0265,False,None,2025-12-06T17:11:20.623175
303,SaaS,0.1736,0.3626,0.0905,0.027,False,None,2025-12-06T17:11:20.623184
304,Manufacturing,0.0451,0.1673,0.1089,0.0244,False,None,2025-12-06T17:11:20.623193
305,Manufacturing,0.0456,0.1667,0.0746,0.0209,False,None,2025-12-06T17:11:20.623201
306,Manufacturing,0.0171,0.1311,0.1115,0.0185,False,None,2025-12-06T17:11:20.623210
307,Biotech,-0.028,-0.111,0.0782,0.0179,False,None,2025-12-06T17:11:20.623218
308,SaaS,0.2965,0.2864,0.0896,0.0296,False,None,2025-12-06T17:11:20.623227
309,Manufacturing,0.094,0.1679,0.0926,0.0208,False,None,2025-12-06T17:11:20.623238
310,SaaS,0.1279,0.213,0.1078,0.0157,False,None,2025-12-06T17:11:20.623249
311,Biotech,0.5114,-0.3525,0.099,0.0228,False,None,2025-12-06T17:11:20.623257
312,Manufacturing,0.0866,0.2735,0.0934,0.0152,False,None,2025-12-06T17:11:20.623266
313,Fintech,0.0587,0.2489,0.0712,0.0218,False,None,2025-12-06T17:11:20.623292
314,Fintech,0.1103,0.1715,0.1012,0.0234,False,None,2025-12-06T17:11:20.623301
315,Consumer,0.0327,0.2106,0.0787,0.0286,False,None,2025-12-06T17:11:20.623312
316,SaaS,0.2479,-0.019,0.0824,0.0283,False,None,2025-12-06T17:11:20.623322
317,Consumer,0.0122,0.174,0.072,0.0267,False,None,2025-12-06T17:11:20.623332
318,Fintech,-0.0475,0.2092,0.0695,0.0237,False,None,2025-12-06T17:11:20.623341
319,Manufacturing,0.0201,0.1927,0.0606,0.0262,False,None,2025-12-06T17:11:20.623350
320,Fintech,-0.0336,0.113,0.077,0.0276,False,None,2025-12-06T17:11:20.623359
321,SaaS,0.3111,0.3795,0.0942,0.0288,False,None,2025-12-06T17:11:20.623367
322,Manufacturing,-0.0155,0.1018,0.061,0.0384,False,None,2025-12-06T17:11:20.623376
323,Consumer,0.0336,0.1676,0.0221,0.0363,False,None,2025-12-06T17:11:20.623384
324,Consumer,0.109,0.177,0.0698,0.0349,False,None,2025-12-06T17:11:20.623392
325,Biotech,0.3155,-0.0464,0.0591,0.0156,False,None,2025-12-06T17:11:20.623401
326,SaaS,0.0426,0.089,0.0404,0.02,False,None,2025-12-06T17:11:20.623409
327,Consumer,0.0846,0.127,0.066,0.0247,False,None,2025-12-06T17:11:20.623419
328,Fintech,0.6,-0.3,0.064,0.0209,True,HighGrowth_LowMargin,2025-12-06T17:11:20.623428
329,Biotech,0.2215,-0.0673,0.0876,0.0305,False,None,2025-12-06T17:11:20.623436
330,SaaS,0.3007,-0.0317,0.0563,0.0326,False,None,2025-12-06T17:11:20.623444
331,SaaS,0.226,-0.2152,0.08,0.0227,False,None,2025-12-06T17:11:20.623453
332,SaaS,0.3459,-0.1054,0.0873,0.0224,False,None,2025-12-06T17:11:20.623462
333,Fintech,0.0345,0.121,0.0856,0.0186,False,None,2025-12-06T17:11:20.623470
334,Biotech,-0.1608,0.1569,0.0999,0.0295,False,None,2025-12-06T17:11:20.623478
335,Biotech,0.1265,-0.185,0.1212,0.0223,False,None,2025-12-06T17:11:20.623486
336,Biotech,0.0992,-0.0715,0.0625,0.0163,False,None,2025-12-06T17:11:20.623495
337,Consumer,0.0259,0.1422,0.0771,0.0207,False,None,2025-12-06T17:11:20.623503
338,Manufacturing,0.0896,0.1038,0.0762,0.0213,False,None,2025-12-06T17:11:20.623512
339,Consumer,-0.0535,0.1501,0.0538,0.0226,False,None,2025-12-06T17:11:20.623521
340,Consumer,0.0141,0.1989,0.0805,0.0243,False,None,2025-12-06T17:11:20.623531
341,SaaS,0.1317,0.1729,0.0812,0.0308,False,None,2025-12-06T17:11:20.623539
342,Fintech,0.0469,0.1767,0.0867,0.0155,False,None,2025-12-06T17:11:20.623549
343,Biotech,0.105,0.0817,0.0657,0.0327,False,None,2025-12-06T17:11:20.623558
344,Consumer,0.0657,0.144,0.0983,0.0296,False,None,2025-12-06T17:11:20.623567
345,Fintech,0.0696,0.2053,0.1002,0.0268,False,None,2025-12-06T17:11:20.623575
346,Manufacturing,0.1356,0.1385,0.1054,0.0282,False,None,2025-12-06T17:11:20.623585
347,Biotech,0.1285,-0.336,0.0788,0.0198,False,None,2025-12-06T17:11:20.623593
348,Biotech,-0.2784,-0.206,0.1065,0.0239,False,None,2025-12-06T17:11:20.623603
349,SaaS,0.047,0.0171,0.0719,0.0186,False,None,2025-12-06T17:11:20.623610
350,Biotech,0.6,-0.3,0.1015,0.0258,True,HighGrowth_LowMargin,2025-12-06T17:11:20.623620
351,Fintech,0.0702,0.1965,0.0755,0.0244,False,None,2025-12-06T17:11:20.623628
352,Fintech,0.1071,0.1546,0.0607,0.0221,False,None,2025-12-06T17:11:20.623636
353,SaaS,0.3026,0.2173,0.0663,0.0247,False,None,2025-12-06T17:11:20.623644
354,Consumer,0.0487,0.1311,0.1207,0.0238,False,None,2025-12-06T17:11:20.623654
355,Fintech,0.0137,0.1526,0.1379,0.0242,False,None,2025-12-06T17:11:20.623663
356,SaaS,-0.061,-0.255,0.0551,0.0344,False,None,2025-12-06T17:11:20.623671
357,Manufacturing,0.6,-0.3,0.0661,0.023,True,HighGrowth_LowMargin,2025-12-06T17:11:20.623681
358,SaaS,0.2474,0.0168,0.1115,0.0329,False,None,2025-12-06T17:11:20.623689
359,SaaS,0.0854,0.3068,0.1184,0.0151,False,None,2025-12-06T17:11:20.623697
360,Biotech,0.0422,0.0691,0.0711,0.0255,False,None,2025-12-06T17:11:20.623706
361,Consumer,0.0175,0.1061,0.1006,0.0281,False,None,2025-12-06T17:11:20.623715
362,Fintech,0.1472,0.1195,0.1022,0.025,False,None,2025-12-06T17:11:20.623724
363,Fintech,0.001,0.1203,0.0659,0.0315,False,None,2025-12-06T17:11:20.623732
364,SaaS,0.311,0.1568,0.0978,0.0281,False,None,2025-12-06T17:11:20.623742
365,Consumer,0.0625,0.1747,0.066,0.0168,False,None,2025-12-06T17:11:20.623751
366,SaaS,0.3803,-0.1641,0.0711,0.0292,False,None,2025-12-06T17:11:20.623761
367,Fintech,0.0888,0.1804,0.0839,0.0173,False,None,2025-12-06T17:11:20.623769
368,Consumer,0.0177,0.1164,0.0638,0.0185,False,None,2025-12-06T17:11:20.623778
369,Consumer,-0.0336,0.134,0.0671,0.0216,False,None,2025-12-06T17:11:20.623789
370,Consumer,0.0459,0.1263,0.0957,0.0269,False,None,2025-12-06T17:11:20.623797
371,Consumer,0.6,-0.3,0.0768,0.0246,True,HighGrowth_LowMargin,2025-12-06T17:11:20.623807
372,Biotech,0.1702,0.057,0.0409,0.0265,False,None,2025-12-06T17:11:20.623817
373,Biotech,0.2857,0.0789,0.0258,0.0277,False,None,2025-12-06T17:11:20.623827
374,SaaS,0.2003,0.2452,0.1017,0.0323,False,None,2025-12-06T17:11:20.623835
375,Fintech,-0.0473,0.1843,0.0299,0.0319,False,None,2025-12-06T17:11:20.623844
376,SaaS,0.4629,0.3097,0.0867,0.0204,False,None,2025-12-06T17:11:20.623852
377,Manufacturing,0.0533,0.1543,0.074,0.0245,False,None,2025-12-06T17:11:20.623860
378,Consumer,0.0805,0.1863,0.0868,0.0224,False,None,2025-12-06T17:11:20.623868
379,Consumer,0.0927,0.1294,0.0947,0.0288,False,None,2025-12-06T17:11:20.623876
380,SaaS,0.1983,0.0847,0.0542,0.0304,False,None,2025-12-06T17:11:20.623885
381,Biotech,0.3127,-0.0433,0.0905,0.0273,False,None,2025-12-06T17:11:20.623895
382,SaaS,0.1507,0.1916,0.0815,0.0195,False,None,2025-12-06T17:11:20.623904
383,Fintech,0.0326,0.1174,0.0914,0.0127,False,None,2025-12-06T17:11:20.623912
384,Consumer,0.0782,0.1224,0.1136,0.0197,False,None,2025-12-06T17:11:20.623920
385,Consumer,0.0166,0.0529,0.0786,0.0287,False,None,2025-12-06T17:11:20.623929
386,Fintech,0.0631,0.1848,0.0915,0.027,False,None,2025-12-06T17:11:20.623937
387,SaaS,0.1337,0.2311,0.1451,0.0221,False,None,2025-12-06T17:11:20.623947
388,Consumer,0.0988,0.0955,0.0914,0.0154,False,None,2025-12-06T17:11:20.623956
389,SaaS,0.3934,-0.0664,0.0795,0.0286,False,None,2025-12-06T17:11:20.623964
390,Fintech,0.0761,0.1642,0.094,0.0259,False,None,2025-12-06T17:11:20.623973
391,Consumer,-0.044,0.1676,0.0875,0.0272,False,None,2025-12-06T17:11:20.623982
392,Biotech,-0.0469,0.012,0.0541,0.0318,False,None,2025-12-06T17:11:20.623991
393,SaaS,0.6,-0.3,0.0759,0.0214,True,HighGrowth_LowMargin,2025-12-06T17:11:20.624000
394,Consumer,0.0785,0.1499,0.0651,0.0237,False,None,2025-12-06T17:11:20.624008
395,Consumer,-0.0535,0.046,0.0712,0.0268,False,None,2025-12-06T17:11:20.624017
396,SaaS,0.1623,0.1352,0.1033,0.0253,False,None,2025-12-06T17:11:20.624026
397,Consumer,0.0157,0.0666,0.057,0.0339,False,None,2025-12-06T17:11:20.624034
398,Fintech,0.1292,0.1865,0.0804,0.0178,False,None,2025-12-06T17:11:20.624045
399,SaaS,0.2363,0.3142,0.1004,0.0289,False,None,2025-12-06T17:11:20.624054
400,Fintech,0.1802,0.0472,0.0593,0.0318,False,None,2025-12-06T17:11:20.624063
401,SaaS,0.3618,-0.0823,0.0718,0.0198,False,None,2025-12-06T17:11:20.624072
402,Manufacturing,0.1203,0.1494,0.0907,0.0224,False,None,2025-12-06T17:11:20.624083
403,Manufacturing,0.084,0.1453,0.0577,0.024,False,None,2025-12-06T17:11:20.624094
404,SaaS,0.1288,0.1067,0.0682,0.0266,False,None,2025-12-06T17:11:20.624102
405,Biotech,0.2528,-0.2387,0.0584,0.0213,False,None,2025-12-06T17:11:20.624111
406,Biotech,0.6,-0.3,0.0928,0.0212,True,HighGrowth_LowMargin,2025-12-06T17:11:20.624121
407,Consumer,0.6,-0.3,0.095,0.0315,True,HighGrowth_LowMargin,2025-12-06T17:11:20.624129
408,Manufacturing,0.0668,0.1722,0.0808,0.0258,False,None,2025-12-06T17:11:20.624137
409,Manufacturing,0.0379,0.1384,0.1168,0.032,False,None,2025-12-06T17:11:20.624146
410,SaaS,0.3013,0.1699,0.0353,0.0274,False,None,2025-12-06T17:11:20.624154
411,SaaS,0.2621,-0.0218,0.0816,0.0217,False,None,2025-12-06T17:11:20.624175
412,SaaS,0.257,-0.0263,0.0551,0.0236,False,None,2025-12-06T17:11:20.624183
413,SaaS,0.6,-0.3,0.076,0.0248,True,HighGrowth_LowMargin,2025-12-06T17:11:20.624191
414,Manufacturing,0.0429,0.1973,0.086,0.0231,False,None,2025-12-06T17:11:20.624200
415,Manufacturing,0.0169,0.2067,0.1185,0.0292,False,None,2025-12-06T17:11:20.624211
416,SaaS,0.0923,-0.0921,0.0638,0.019,False,None,2025-12-06T17:11:20.624220
417,Consumer,0.0473,0.0954,0.0738,0.0284,False,None,2025-12-06T17:11:20.624228
418,SaaS,0.0961,0.1103,0.0606,0.0336,False,None,2025-12-06T17:11:20.624237
419,Fintech,0.0355,0.1563,0.0768,0.0242,False,None,2025-12-06T17:11:20.624246
420,SaaS,0.2832,0.2135,0.0706,0.0285,False,None,2025-12-06T17:11:20.624256
421,Fintech,0.0972,0.2217,0.1056,0.0209,False,None,2025-12-06T17:11:20.624265
422,SaaS,0.2529,-0.0909,0.0836,0.0281,False,None,2025-12-06T17:11:20.624273
423,Consumer,0.0614,0.0338,0.0953,0.0242,False,None,2025-12-06T17:11:20.624282
424,Biotech,-0.0416,0.094,0.0631,0.0255,False,None,2025-12-06T17:11:20.624291
425,SaaS,0.3594,0.1511,0.0668,0.0251,False,None,2025-12-06T17:11:20.624299
426,Consumer,0.0937,0.1924,0.0851,0.024,False,None,2025-12-06T17:11:20.624307
427,Fintech,0.0718,0.2326,0.0677,0.0295,False,None,2025-12-06T17:11:20.624315
428,Consumer,0.1115,0.1544,0.0914,0.0259,False,None,2025-12-06T17:11:20.624323
429,Biotech,0.2396,0.109,0.1005,0.0215,False,None,2025-12-06T17:11:20.624332
430,Fintech,0.045,0.1082,0.0681,0.0274,False,None,2025-12-06T17:11:20.624343
431,Fintech,0.0275,0.1186,0.0383,0.0219,False,None,2025-12-06T17:11:20.624352
432,Biotech,0.6,-0.3,0.071,0.0228,True,HighGrowth_LowMargin,2025-12-06T17:11:20.624360
433,Fintech,0.108,0.1226,0.0551,0.0242,False,None,2025-12-06T17:11:20.624370
434,SaaS,0.6,-0.3,0.0705,0.0285,True,HighGrowth_LowMargin,2025-12-06T17:11:20.624378
435,Manufacturing,0.2237,0.182,0.0606,0.029,False,None,2025-12-06T17:11:20.624387
436,Fintech,0.0917,0.1716,0.0879,0.0241,False,None,2025-12-06T17:11:20.624395
437,Fintech,0.0609,0.1063,0.0656,0.0284,False,None,2025-12-06T17:11:20.624404
438,Manufacturing,0.1807,0.1946,0.1121,0.0239,False,None,2025-12-06T17:11:20.624412
439,Consumer,0.1521,0.132,0.1059,0.0261,False,None,2025-12-06T17:11:20.624420
440,Consumer,0.0946,0.1643,0.0936,0.0373,False,None,2025-12-06T17:11:20.624429
441,Biotech,0.382,-0.178,0.0477,0.0224,False,None,2025-12-06T17:11:20.624439
442,Fintech,0.022,0.2611,0.072,0.0343,False,None,2025-12-06T17:11:20.624449
443,Consumer,0.0764,0.1347,0.086,0.0308,False,None,2025-12-06T17:11:20.624457
444,SaaS,0.3302,0.0291,0.0512,0.022,False,None,2025-12-06T17:11:20.624466
445,SaaS,0.2002,0.1482,0.1115,0.0308,False,None,2025-12-06T17:11:20.624474
446,Consumer,0.0882,0.2801,0.0453,0.0262,False,None,2025-12-06T17:11:20.624482
447,Manufacturing,-0.0143,0.1656,0.0883,0.0242,False,None,2025-12-06T17:11:20.624490
448,Biotech,-0.3399,-0.1868,0.0813,0.0197,False,None,2025-12-06T17:11:20.624499
449,Manufacturing,0.0423,0.1331,0.0964,0.0228,False,None,2025-12-06T17:11:20.624508
450,Fintech,0.0846,0.1627,0.0701,0.0165,False,None,2025-12-06T17:11:20.624519
451,Fintech,0.0946,0.2401,0.0816,0.0299,False,None,2025-12-06T17:11:20.624528
452,Biotech,-0.2693,0.1674,0.0952,0.0293,False,None,2025-12-06T17:11:20.624536
453,Consumer,0.0285,0.1574,0.0844,0.0215,False,None,2025-12-06T17:11:20.624545
454,Consumer,0.11,0.2333,0.09,0.0324,False,None,2025-12-06T17:11:20.624554
455,SaaS,0.2424,0.1466,0.0972,0.0267,False,None,2025-12-06T17:11:20.624562
456,SaaS,0.1617,0.3586,0.0749,0.0205,False,None,2025-12-06T17:11:20.624571
457,Consumer,0.0236,0.1017,0.0941,0.0334,False,None,2025-12-06T17:11:20.624579
458,Biotech,-0.0696,0.0039,0.1028,0.0267,False,None,2025-12-06T17:11:20.624590
459,SaaS,0.276,0.2956,0.0624,0.0285,False,None,2025-12-06T17:11:20.624600
460,Fintech,0.6,-0.3,0.0525,0.0193,True,HighGrowth_LowMargin,2025-12-06T17:11:20.624609
461,Fintech,0.0327,0.1905,0.0663,0.0319,False,None,2025-12-06T17:11:20.624619
462,Consumer,0.0058,0.2171,0.0912,0.0255,False,None,2025-12-06T17:11:20.624628
463,Fintech,0.0664,0.1486,0.0688,0.0249,False,None,2025-12-06T17:11:20.624635
464,SaaS,0.2802,0.2094,0.0612,0.0302,False,None,2025-12-06T17:11:20.624645
465,Consumer,0.1083,0.095,0.1007,0.0221,False,None,2025-12-06T17:11:20.624655
466,Manufacturing,0.6,-0.3,0.0926,0.0171,True,HighGrowth_LowMargin,2025-12-06T17:11:20.624664
467,Manufacturing,0.0806,0.1675,0.0646,0.0253,False,None,2025-12-06T17:11:20.624678
468,Consumer,0.026,0.1212,0.0654,0.0151,False,None,2025-12-06T17:11:20.624686
469,Consumer,0.0298,0.0355,0.0992,0.0234,False,None,2025-12-06T17:11:20.624697
470,Fintech,0.02,0.1925,0.0999,0.0289,False,None,2025-12-06T17:11:20.624706
471,Fintech,0.0481,0.1313,0.0864,0.018,False,None,2025-12-06T17:11:20.624716
472,Consumer,0.0177,0.0803,0.1053,0.0243,False,None,2025-12-06T17:11:20.624723
473,Manufacturing,0.0839,0.0793,0.0686,0.0273,False,None,2025-12-06T17:11:20.624734
474,Biotech,0.3757,-0.2517,0.0802,0.022,False,None,2025-12-06T17:11:20.624750
475,Biotech,0.0606,-0.6406,0.0902,0.0226,False,None,2025-12-06T17:11:20.624762
476,Fintech,0.0164,0.1835,0.0766,0.027,False,None,2025-12-06T17:11:20.624771
477,SaaS,0.3019,0.1762,0.0839,0.0338,False,None,2025-12-06T17:11:20.624781
478,Fintech,0.1021,0.1602,0.08,0.0267,False,None,2025-12-06T17:11:20.624789
479,SaaS,0.2945,0.4115,0.1185,0.0212,False,None,2025-12-06T17:11:20.624798
480,SaaS,0.1661,0.2165,0.1068,0.0316,False,None,2025-12-06T17:11:20.624807
481,Fintech,0.0233,0.1391,0.083,0.0241,False,None,2025-12-06T17:11:20.624818
482,Biotech,0.163,0.2439,0.0753,0.0352,False,None,2025-12-06T17:11:20.624829
483,Fintech,0.1062,0.0801,0.1004,0.0233,False,None,2025-12-06T17:11:20.624838
484,Biotech,0.4404,0.0082,0.0726,0.0232,False,None,2025-12-06T17:11:20.624846
485,Manufacturing,0.041,0.189,0.0785,0.0244,False,None,2025-12-06T17:11:20.624855
486,Biotech,0.059,0.3055,0.0713,0.0279,False,None,2025-12-06T17:11:20.624863
487,Consumer,0.1699,0.097,0.0706,0.0207,False,None,2025-12-06T17:11:20.624872
488,SaaS,0.6,-0.3,0.0524,0.0199,True,HighGrowth_LowMargin,2025-12-06T17:11:20.624881
489,Biotech,-0.0252,-0.54,0.0922,0.0226,False,None,2025-12-06T17:11:20.624896
490,Consumer,0.0857,0.1135,0.0694,0.025,False,None,2025-12-06T17:11:20.624904
491,Biotech,0.112,-0.0671,0.0647,0.025,False,None,2025-12-06T17:11:20.624915
492,Consumer,0.0368,0.1011,0.0751,0.0286,False,None,2025-12-06T17:11:20.624926
493,SaaS,0.1547,-0.0119,0.0798,0.0145,False,None,2025-12-06T17:11:20.624936
494,Consumer,0.0105,0.1449,0.0425,0.0156,False,None,2025-12-06T17:11:20.624945
495,Manufacturing,0.6,-0.3,0.0931,0.0215,True,HighGrowth_LowMargin,2025-12-06T17:11:20.624954
496,SaaS,0.2508,-0.0936,0.0862,0.0285,False,None,2025-12-06T17:11:20.624964
497,Consumer,-0.0607,0.0871,0.0628,0.0191,False,None,2025-12-06T17:11:20.624973
498,Fintech,0.0376,0.1211,0.0809,0.0202,False,None,2025-12-06T17:11:20.624982
499,SaaS,0.1681,0.0348,0.0729,0.0181,False,None,2025-12-06T17:11:20.624991
500,Consumer,0.6,-0.3,0.0709,0.021,True,HighGrowth_LowMargin,2025-12-06T17:11:20.625000
501,Manufacturing,0.0689,0.0827,0.0949,0.0255,False,None,2025-12-06T17:11:20.625008
502,Manufacturing,0.145,0.2183,0.063,0.0155,False,None,2025-12-06T17:11:20.625017
503,Manufacturing,0.0401,0.1923,0.0868,0.029,False,None,2025-12-06T17:11:20.625025
504,Biotech,-0.0504,-0.0801,0.099,0.0233,False,None,2025-12-06T17:11:20.625035
505,Consumer,0.0866,0.176,0.0534,0.0256,False,None,2025-12-06T17:11:20.625045
506,Consumer,0.0425,0.1536,0.0821,0.027,False,None,2025-12-06T17:11:20.625064
507,SaaS,0.2373,-0.108,0.0802,0.0278,False,None,2025-12-06T17:11:20.625074
508,Fintech,0.1173,0.2201,0.0789,0.0248,False,None,2025-12-06T17:11:20.625086
509,Fintech,0.0684,0.1626,0.0593,0.0089,False,None,2025-12-06T17:11:20.625096
510,Consumer,0.6,-0.3,0.0714,0.0153,True,HighGrowth_LowMargin,2025-12-06T17:11:20.625105
511,Biotech,-0.0135,-0.0755,0.0773,0.0224,False,None,2025-12-06T17:11:20.625115
512,Fintech,0.0451,0.1571,0.0999,0.0245,False,None,2025-12-06T17:11:20.625123
513,Fintech,0.0514,0.1224,0.0355,0.0274,False,None,2025-12-06T17:11:20.625131
514,Biotech,-0.0139,0.0052,0.0873,0.0357,False,None,2025-12-06T17:11:20.625139
515,Manufacturing,0.6,-0.3,0.0817,0.0261,True,HighGrowth_LowMargin,2025-12-06T17:11:20.625149
516,SaaS,0.6,-0.3,0.0553,0.0305,True,HighGrowth_LowMargin,2025-12-06T17:11:20.625158
517,Consumer,0.0858,0.1557,0.0808,0.0339,False,None,2025-12-06T17:11:20.625169
518,Fintech,0.0506,0.1653,0.0694,0.0256,False,None,2025-12-06T17:11:20.625178
519,Consumer,-0.0404,0.2292,0.1083,0.0264,False,None,2025-12-06T17:11:20.625188
520,Consumer,0.1578,0.0638,0.059,0.0187,False,None,2025-12-06T17:11:20.625197
521,Biotech,-0.2585,-0.2306,0.0827,0.0199,False,None,2025-12-06T17:11:20.625206
522,Biotech,0.1066,-0.1129,0.0761,0.0285,False,None,2025-12-06T17:11:20.625217
523,Manufacturing,-0.0128,0.1133,0.0862,0.0214,False,None,2025-12-06T17:11:20.625226
524,Manufacturing,-0.0211,0.0856,0.0907,0.0264,False,None,2025-12-06T17:11:20.625234
525,Consumer,0.083,0.1555,0.0475,0.0195,False,None,2025-12-06T17:11:20.625243
526,Consumer,0.6,-0.3,0.0925,0.0283,True,HighGrowth_LowMargin,2025-12-06T17:11:20.625252
527,SaaS,0.1642,0.2855,0.0529,0.0264,False,None,2025-12-06T17:11:20.625262
528,Manufacturing,0.09,0.1949,0.0421,0.0332,False,None,2025-12-06T17:11:20.625273
529,Manufacturing,0.0574,0.1733,0.1111,0.0193,False,None,2025-12-06T17:11:20.625282
530,Manufacturing,0.003,0.0862,0.114,0.0279,False,None,2025-12-06T17:11:20.625291
531,SaaS,0.3497,-0.0166,0.053,0.0292,False,None,2025-12-06T17:11:20.625300
532,Biotech,0.1339,0.1434,0.083,0.0305,False,None,2025-12-06T17:11:20.625308
533,Biotech,-0.0604,-0.2936,0.0674,0.024,False,None,2025-12-06T17:11:20.625316
534,SaaS,0.0776,0.2588,0.0634,0.0282,False,None,2025-12-06T17:11:20.625324
535,Fintech,0.6,-0.3,0.0929,0.0265,True,HighGrowth_LowMargin,2025-12-06T17:11:20.625333
536,Fintech,0.1099,0.1182,0.0901,0.0237,False,None,2025-12-06T17:11:20.625342
537,Biotech,-0.0613,-0.0757,0.0717,0.029,False,None,2025-12-06T17:11:20.625351
538,Fintech,0.0157,0.1158,0.0683,0.0273,False,None,2025-12-06T17:11:20.625359
539,SaaS,0.0856,-0.0217,0.0925,0.022,False,None,2025-12-06T17:11:20.625368
540,Consumer,0.0516,0.1032,0.0684,0.0183,False,None,2025-12-06T17:11:20.625376
541,Biotech,0.0245,-0.1633,0.1092,0.029,False,None,2025-12-06T17:11:20.625384
542,Consumer,0.6,-0.3,0.0999,0.0239,True,HighGrowth_LowMargin,2025-12-06T17:11:20.625392
543,Fintech,0.0647,0.1309,0.0548,0.0276,False,None,2025-12-06T17:11:20.625403
544,SaaS,0.1522,0.2431,0.0895,0.0152,False,None,2025-12-06T17:11:20.625411
545,Consumer,0.0089,0.2061,0.076,0.0228,False,None,2025-12-06T17:11:20.625421
546,Consumer,0.0763,0.0766,0.0172,0.0241,False,None,2025-12-06T17:11:20.625430
547,Consumer,0.0726,0.1261,0.0925,0.0242,False,None,2025-12-06T17:11:20.625441
548,Biotech,0.1483,-0.3403,0.0475,0.0243,False,None,2025-12-06T17:11:20.625449
549,Consumer,-0.0129,0.2792,0.0811,0.0291,False,None,2025-12-06T17:11:20.625458
550,SaaS,0.1212,0.014,0.053,0.0313,False,None,2025-12-06T17:11:20.625467
551,SaaS,0.1138,0.1449,0.0898,0.0225,False,None,2025-12-06T17:11:20.625476
552,Fintech,0.1345,0.1974,0.0398,0.0401,False,None,2025-12-06T17:11:20.625485
553,Consumer,0.1213,0.2662,0.0971,0.0243,False,None,2025-12-06T17:11:20.625494
554,Fintech,0.0331,0.2321,0.0769,0.0237,False,None,2025-12-06T17:11:20.625503
555,Fintech,-0.005,0.1171,0.0781,0.0328,False,None,2025-12-06T17:11:20.625512
556,Manufacturing,0.1034,0.1598,0.0647,0.0213,False,None,2025-12-06T17:11:20.625522
557,SaaS,0.272,0.0983,0.0525,0.0251,False,None,2025-12-06T17:11:20.625531
558,Biotech,-0.1087,0.1173,0.0621,0.0244,False,None,2025-12-06T17:11:20.625540
559,Manufacturing,0.0696,0.1925,0.09,0.0267,False,None,2025-12-06T17:11:20.625549
560,Fintech,0.0088,0.1373,0.0407,0.0257,False,None,2025-12-06T17:11:20.625559
561,Fintech,0.1193,0.1438,0.055,0.0243,False,None,2025-12-06T17:11:20.625568
562,SaaS,0.1437,0.1927,0.039,0.0279,False,None,2025-12-06T17:11:20.625577
563,Biotech,0.6,-0.3,0.1279,0.0256,True,HighGrowth_LowMargin,2025-12-06T17:11:20.625587
564,Biotech,0.6,-0.3,0.0841,0.0257,True,HighGrowth_LowMargin,2025-12-06T17:11:20.625596
565,Fintech,0.1177,0.1838,0.0707,0.03,False,None,2025-12-06T17:11:20.625607
566,Manufacturing,0.6,-0.3,0.0654,0.0243,True,HighGrowth_LowMargin,2025-12-06T17:11:20.625616
567,SaaS,0.0388,0.0355,0.0791,0.0312,False,None,2025-12-06T17:11:20.625627
568,Biotech,0.0054,-0.0877,0.0522,0.0229,False,None,2025-12-06T17:11:20.625639
569,Manufacturing,-0.0278,0.1906,0.0877,0.0214,False,None,2025-12-06T17:11:20.625649
570,Biotech,0.1752,-0.0767,0.0768,0.0295,False,None,2025-12-06T17:11:20.625657
571,Manufacturing,0.1672,0.2046,0.0791,0.0245,False,None,2025-12-06T17:11:20.625665
572,Consumer,0.1692,0.2,0.0937,0.0256,False,None,2025-12-06T17:11:20.626197
573,Consumer,0.0082,0.1461,0.1155,0.0272,False,None,2025-12-06T17:11:20.626205
574,SaaS,0.1352,0.1261,0.1008,0.0172,False,None,2025-12-06T17:11:20.626215
575,Manufacturing,0.0771,0.2049,0.1032,0.0252,False,None,2025-12-06T17:11:20.626225
576,Biotech,0.4589,-0.2905,0.0796,0.0287,False,None,2025-12-06T17:11:20.626234
577,Biotech,0.6,-0.3,0.1139,0.0217,True,HighGrowth_LowMargin,2025-12-06T17:11:20.626242
578,Biotech,0.0992,0.0513,0.0562,0.0253,False,None,2025-12-06T17:11:20.626251
579,Manufacturing,0.1216,0.2408,0.0708,0.0281,False,None,2025-12-06T17:11:20.626261
580,Manufacturing,0.1416,0.2108,0.0894,0.0223,False,None,2025-12-06T17:11:20.626269
581,Fintech,0.1164,0.1592,0.0765,0.0289,False,None,2025-12-06T17:11:20.626281
582,Biotech,0.3716,-0.1326,0.0748,0.0179,False,None,2025-12-06T17:11:20.626290
583,Consumer,0.0603,0.1554,0.0643,0.0272,False,None,2025-12-06T17:11:20.626299
584,SaaS,0.2248,0.1603,0.043,0.0106,False,None,2025-12-06T17:11:20.626307
585,Fintech,0.097,0.1535,0.0943,0.0201,False,None,2025-12-06T17:11:20.626315
586,Manufacturing,0.1266,0.1313,0.0759,0.0274,False,None,2025-12-06T17:11:20.626327
587,Biotech,-0.2198,-0.0134,0.1086,0.0206,False,None,2025-12-06T17:11:20.626336
588,Consumer,0.0428,0.1676,0.1057,0.0258,False,None,2025-12-06T17:11:20.626344
589,Manufacturing,0.0534,0.0837,0.1193,0.018,False,None,2025-12-06T17:11:20.626353
590,Consumer,0.6,-0.3,0.1042,0.0316,True,HighGrowth_LowMargin,2025-12-06T17:11:20.626362
591,Fintech,-0.0084,0.1723,0.0488,0.0342,False,None,2025-12-06T17:11:20.626370
592,Manufacturing,-0.022,0.1596,0.1044,0.0236,False,None,2025-12-06T17:11:20.626379
593,SaaS,0.12,-0.0919,0.0516,0.0224,False,None,2025-12-06T17:11:20.626388
594,SaaS,0.0855,0.2205,0.0688,0.0259,False,None,2025-12-06T17:11:20.626403
595,Consumer,0.0834,0.1438,0.0767,0.0317,False,None,2025-12-06T17:11:20.626412
596,Consumer,0.0924,0.111,0.0926,0.0319,False,None,2025-12-06T17:11:20.626421
597,SaaS,0.1902,0.0681,0.0696,0.0234,False,None,2025-12-06T17:11:20.626431
598,Consumer,0.0536,0.1545,0.0884,0.0302,False,None,2025-12-06T17:11:20.626440
599,Manufacturing,0.0415,0.1135,0.0999,0.0235,False,None,2025-12-06T17:11:20.626448
600,Fintech,0.0588,0.1357,0.0474,0.0313,False,None,2025-12-06T17:11:20.626455
601,Consumer,0.0859,0.1443,0.0676,0.0239,False,None,2025-12-06T17:11:20.626464
602,Consumer,0.0649,0.2068,0.1099,0.0332,False,None,2025-12-06T17:11:20.626473
603,Consumer,0.0973,0.0884,0.0714,0.0345,False,None,2025-12-06T17:11:20.626481
604,Biotech,0.0668,0.1337,0.0834,0.0207,False,None,2025-12-06T17:11:20.626489
605,SaaS,0.2423,0.0956,0.0745,0.027,False,None,2025-12-06T17:11:20.626499
606,Consumer,0.0202,0.0811,0.0571,0.0203,False,None,2025-12-06T17:11:20.626509
607,Manufacturing,0.1377,0.1491,0.0754,0.0246,False,None,2025-12-06T17:11:20.626518
608,Consumer,-0.0205,0.0911,0.0483,0.0244,False,None,2025-12-06T17:11:20.626527
609,Manufacturing,0.02,0.2779,0.1229,0.033,False,None,2025-12-06T17:11:20.626536
610,Fintech,0.0279,0.1648,0.078,0.0166,False,None,2025-12-06T17:11:20.626545
611,SaaS,0.6,-0.3,0.0635,0.0265,True,HighGrowth_LowMargin,2025-12-06T17:11:20.626554
612,Manufacturing,0.0633,0.0822,0.0672,0.0328,False,None,2025-12-06T17:11:20.626563
613,Manufacturing,-0.002,0.1696,0.0792,0.0219,False,None,2025-12-06T17:11:20.626572
614,Biotech,0.0223,0.0385,0.0705,0.0188,False,None,2025-12-06T17:11:20.626582
615,SaaS,0.2669,0.1007,0.0935,0.019,False,None,2025-12-06T17:11:20.626593
616,Biotech,0.0766,-0.2288,0.0555,0.0323,False,None,2025-12-06T17:11:20.626602
617,Biotech,0.2975,-0.0816,0.1027,0.0149,False,None,2025-12-06T17:11:20.626612
618,Manufacturing,0.12,0.2125,0.0975,0.0201,False,None,2025-12-06T17:11:20.626620
619,SaaS,0.1781,0.0964,0.0652,0.0175,False,None,2025-12-06T17:11:20.626631
620,Biotech,-0.0006,-0.0281,0.0599,0.018,False,None,2025-12-06T17:11:20.626640
621,Fintech,0.0945,0.1006,0.0981,0.017,False,None,2025-12-06T17:11:20.626648
622,Manufacturing,0.0751,0.1213,0.095,0.0221,False,None,2025-12-06T17:11:20.626657
623,Manufacturing,0.0494,0.1435,0.0771,0.014,False,None,2025-12-06T17:11:20.626665
624,Fintech,-0.0158,0.0729,0.0593,0.022,False,None,2025-12-06T17:11:20.626675
625,Manufacturing,-0.0086,0.1499,0.0762,0.0298,False,None,2025-12-06T17:11:20.626685
626,Fintech,0.6,-0.3,0.0728,0.0156,True,HighGrowth_LowMargin,2025-12-06T17:11:20.626696
627,Fintech,0.0497,0.1938,0.1063,0.0266,False,None,2025-12-06T17:11:20.626705
628,Consumer,0.0558,0.1386,0.1164,0.0222,False,None,2025-12-06T17:11:20.626713
629,Manufacturing,0.0099,0.1813,0.0845,0.0211,False,None,2025-12-06T17:11:20.626722
630,Fintech,0.0216,0.1777,0.0594,0.0285,False,None,2025-12-06T17:11:20.626731
631,Fintech,0.0134,0.0958,0.0764,0.02,False,None,2025-12-06T17:11:20.626740
632,Fintech,0.0763,0.0949,0.1017,0.016,False,None,2025-12-06T17:11:20.626749
633,Consumer,0.1907,0.1815,0.0716,0.0199,False,None,2025-12-06T17:11:20.626757
634,SaaS,0.2068,0.1534,0.0989,0.0241,False,None,2025-12-06T17:11:20.626767
635,Biotech,0.5242,0.0397,0.0937,0.0194,False,None,2025-12-06T17:11:20.626775
636,Biotech,0.1439,0.1886,0.1178,0.0224,False,None,2025-12-06T17:11:20.626784
637,SaaS,0.3316,0.0655,0.0997,0.0274,False,None,2025-12-06T17:11:20.626792
638,Fintech,0.068,0.0397,0.0598,0.0275,False,None,2025-12-06T17:11:20.626802
639,Fintech,-0.1088,0.0986,0.0773,0.0213,False,None,2025-12-06T17:11:20.626810
640,Manufacturing,0.0317,0.0944,0.1015,0.034,False,None,2025-12-06T17:11:20.626819
641,Consumer,0.1152,0.1139,0.078,0.0229,False,None,2025-12-06T17:11:20.626828
642,Manufacturing,0.1246,0.0812,0.0862,0.0264,False,None,2025-12-06T17:11:20.626837
643,Manufacturing,0.1007,0.1591,0.0533,0.0253,False,None,2025-12-06T17:11:20.626846
644,Biotech,0.1464,0.061,0.0675,0.0256,False,None,2025-12-06T17:11:20.626858
645,SaaS,0.1479,0.0069,0.065,0.0255,False,None,2025-12-06T17:11:20.626871
646,SaaS,0.0594,0.0628,0.0757,0.0257,False,None,2025-12-06T17:11:20.626879
647,Biotech,0.1366,-0.3111,0.0427,0.0249,False,None,2025-12-06T17:11:20.626888
648,Biotech,0.1357,-0.0465,0.086,0.0343,False,None,2025-12-06T17:11:20.626898
649,Fintech,0.0384,0.1687,0.0897,0.0224,False,None,2025-12-06T17:11:20.626907
650,Fintech,0.1314,0.0905,0.0815,0.0169,False,None,2025-12-06T17:11:20.626915
651,Manufacturing,0.0364,0.1519,0.0477,0.0318,False,None,2025-12-06T17:11:20.626923
652,SaaS,0.241,0.0182,0.1181,0.0248,False,None,2025-12-06T17:11:20.626932
653,Biotech,-0.3153,-0.2096,0.062,0.0295,False,None,2025-12-06T17:11:20.626940
654,Biotech,0.0857,0.1587,0.0724,0.0321,False,None,2025-12-06T17:11:20.626948
655,Manufacturing,0.0688,0.1491,0.1053,0.0254,False,None,2025-12-06T17:11:20.626956
656,SaaS,0.0917,0.1973,0.0808,0.0257,False,None,2025-12-06T17:11:20.626965
657,SaaS,0.4242,0.2137,0.0721,0.0287,False,None,2025-12-06T17:11:20.626974
658,SaaS,0.3279,-0.155,0.0692,0.0294,False,None,2025-12-06T17:11:20.626982
659,Fintech,0.094,0.2024,0.059,0.0179,False,None,2025-12-06T17:11:20.626991
660,Manufacturing,-0.0352,0.1599,0.0903,0.0282,False,None,2025-12-06T17:11:20.626999
661,Manufacturing,-0.0335,0.1174,0.0537,0.0197,False,None,2025-12-06T17:11:20.627009
662,Consumer,0.0941,0.1994,0.0811,0.023,False,None,2025-12-06T17:11:20.627017
663,Biotech,0.0566,-0.145,0.0449,0.0232,False,None,2025-12-06T17:11:20.627025
664,Biotech,0.2218,-0.4187,0.0827,0.017,False,None,2025-12-06T17:11:20.627036
665,Fintech,0.0058,0.1405,0.0743,0.0228,False,None,2025-12-06T17:11:20.627045
666,Consumer,0.0711,0.1725,0.0938,0.0347,False,None,2025-12-06T17:11:20.627064
667,Fintech,0.0507,0.1853,0.0765,0.0231,False,None,2025-12-06T17:11:20.627073
668,Consumer,0.0611,0.1465,0.06,0.0161,False,None,2025-12-06T17:11:20.627081
669,Manufacturing,-0.0156,0.1852,0.0616,0.0167,False,None,2025-12-06T17:11:20.627091
670,Manufacturing,0.0355,0.0565,0.1181,0.0199,False,None,2025-12-06T17:11:20.627103
671,SaaS,0.324,0.0695,0.0821,0.0225,False,None,2025-12-06T17:11:20.627112
672,SaaS,0.2505,0.1267,0.102,0.0265,False,None,2025-12-06T17:11:20.627122
673,SaaS,0.126,-0.0283,0.0705,0.0249,False,None,2025-12-06T17:11:20.627134
674,Biotech,0.2867,0.0754,0.0727,0.0243,False,None,2025-12-06T17:11:20.627146
675,Biotech,0.6,-0.3,0.0382,0.0231,True,HighGrowth_LowMargin,2025-12-06T17:11:20.627155
676,Manufacturing,-0.0055,0.1195,0.069,0.0201,False,None,2025-12-06T17:11:20.627164
677,Consumer,0.0789,0.1735,0.1101,0.0227,False,None,2025-12-06T17:11:20.627173
678,SaaS,0.1688,0.0124,0.106,0.0215,False,None,2025-12-06T17:11:20.627181
679,Manufacturing,0.0993,0.1056,0.0533,0.0263,False,None,2025-12-06T17:11:20.627190
680,Manufacturing,0.1045,0.1714,0.0708,0.028,False,None,2025-12-06T17:11:20.627200
681,Consumer,0.0792,0.1249,0.0502,0.0277,False,None,2025-12-06T17:11:20.627210
682,Biotech,0.1773,-0.2802,0.0903,0.0291,False,None,2025-12-06T17:11:20.627218
683,SaaS,0.4018,0.367,0.0691,0.0264,False,None,2025-12-06T17:11:20.627226
684,Fintech,0.6,-0.3,0.0833,0.0221,True,HighGrowth_LowMargin,2025-12-06T17:11:20.627238
685,Biotech,-0.1069,-0.1423,0.1016,0.0335,False,None,2025-12-06T17:11:20.627247
686,Manufacturing,0.1349,0.1245,0.0899,0.0277,False,None,2025-12-06T17:11:20.627255
687,SaaS,0.3563,0.2092,0.0202,0.0175,False,None,2025-12-06T17:11:20.627264
688,Consumer,0.1508,0.2076,0.0846,0.0269,False,None,2025-12-06T17:11:20.627273
689,SaaS,0.2115,0.3917,0.0971,0.0255,False,None,2025-12-06T17:11:20.627282
690,Consumer,0.0277,0.2572,0.0797,0.0264,False,None,2025-12-06T17:11:20.627291
691,Fintech,0.0089,0.1061,0.0902,0.0271,False,None,2025-12-06T17:11:20.627299
692,Fintech,0.1411,0.2224,0.0744,0.0302,False,None,2025-12-06T17:11:20.627308
693,Consumer,0.0137,0.1807,0.0704,0.0298,False,None,2025-12-06T17:11:20.627317
694,Biotech,0.6,-0.3,0.0819,0.0203,True,HighGrowth_LowMargin,2025-12-06T17:11:20.627326
695,Consumer,0.0293,0.1215,0.0993,0.0303,False,None,2025-12-06T17:11:20.627335
696,Biotech,0.0835,-0.3898,0.0474,0.0305,False,None,2025-12-06T17:11:20.627346
697,Biotech,0.3962,-0.1127,0.0898,0.02,False,None,2025-12-06T17:11:20.627355
698,Fintech,0.0019,0.1952,0.1102,0.0201,False,None,2025-12-06T17:11:20.627364
699,Consumer,0.0461,0.1085,0.0838,0.0288,False,None,2025-12-06T17:11:20.627372
700,Fintech,0.0167,0.1673,0.0856,0.0244,False,None,2025-12-06T17:11:20.627382
701,Manufacturing,0.6,-0.3,0.07,0.0255,True,HighGrowth_LowMargin,2025-12-06T17:11:20.627390
702,Manufacturing,-0.0614,0.0743,0.0514,0.0329,False,None,2025-12-06T17:11:20.627399
703,Biotech,0.1564,-0.0745,0.0983,0.023,False,None,2025-12-06T17:11:20.627409
704,Biotech,-0.3379,0.3238,0.0827,0.0199,False,None,2025-12-06T17:11:20.627417
705,Fintech,0.0363,0.127,0.0491,0.0169,False,None,2025-12-06T17:11:20.627425
706,Fintech,0.0273,0.1809,0.0777,0.021,False,None,2025-12-06T17:11:20.627435
707,SaaS,0.1851,0.2569,0.0692,0.0169,False,None,2025-12-06T17:11:20.627443
708,Manufacturing,0.0619,0.0987,0.1042,0.0263,False,None,2025-12-06T17:11:20.627453
709,Consumer,0.0806,0.1761,0.0749,0.0222,False,None,2025-12-06T17:11:20.627461
710,Manufacturing,0.0638,0.0852,0.0692,0.0214,False,None,2025-12-06T17:11:20.627470
711,Biotech,0.3435,-0.0824,0.0457,0.0274,False,None,2025-12-06T17:11:20.627478
712,Biotech,0.0404,-0.0903,0.053,0.0242,False,None,2025-12-06T17:11:20.627486
713,Biotech,0.2867,-0.4636,0.1007,0.0337,False,None,2025-12-06T17:11:20.627496
714,Manufacturing,0.0056,0.1396,0.0817,0.0215,False,None,2025-12-06T17:11:20.627504
715,Biotech,0.1478,-0.1188,0.0912,0.0312,False,None,2025-12-06T17:11:20.627513
716,Consumer,0.0272,0.1614,0.0787,0.0296,False,None,2025-12-06T17:11:20.627522
717,Biotech,0.2915,0.0702,0.0863,0.0175,False,None,2025-12-06T17:11:20.627532
718,Manufacturing,0.1426,0.044,0.1211,0.02,False,None,2025-12-06T17:11:20.627541
719,Biotech,-0.0313,-0.0143,0.0778,0.021,False,None,2025-12-06T17:11:20.627549
720,Biotech,0.1462,-0.1013,0.0524,0.0231,False,None,2025-12-06T17:11:20.627558
721,SaaS,0.6,-0.3,0.0961,0.0229,True,HighGrowth_LowMargin,2025-12-06T17:11:20.627567
722,Consumer,0.0008,0.1142,0.0606,0.0245,False,None,2025-12-06T17:11:20.627578
723,Manufacturing,-0.0287,0.1939,0.0966,0.0194,False,None,2025-12-06T17:11:20.627589
724,Consumer,0.0494,0.249,0.0447,0.023,False,None,2025-12-06T17:11:20.627599
725,Fintech,0.1014,0.1663,0.0687,0.0189,False,None,2025-12-06T17:11:20.627607
726,Fintech,0.0407,0.1013,0.0678,0.0221,False,None,2025-12-06T17:11:20.627615
727,Biotech,0.1131,-0.1715,0.081,0.0214,False,None,2025-12-06T17:11:20.627623
728,Biotech,-0.2138,-0.1576,0.0732,0.0354,False,None,2025-12-06T17:11:20.627632
729,Consumer,0.1041,0.1456,0.0835,0.0256,False,None,2025-12-06T17:11:20.627641
730,Biotech,-0.2241,-0.2557,0.0704,0.0196,False,None,2025-12-06T17:11:20.627651
731,SaaS,0.3175,0.0924,0.0851,0.0295,False,None,2025-12-06T17:11:20.627660
732,Manufacturing,-0.0128,0.14,0.0687,0.0325,False,None,2025-12-06T17:11:20.627669
733,Consumer,0.0323,0.2101,0.0637,0.025,False,None,2025-12-06T17:11:20.627679
734,Fintech,0.6,-0.3,0.0697,0.0293,True,HighGrowth_LowMargin,2025-12-06T17:11:20.627687
735,Manufacturing,0.024,0.1383,0.0906,0.0149,False,None,2025-12-06T17:11:20.627697
736,SaaS,0.1401,0.1663,0.0769,0.0241,False,None,2025-12-06T17:11:20.627709
737,Biotech,0.269,-0.0695,0.0663,0.0348,False,None,2025-12-06T17:11:20.627718
738,Manufacturing,0.0199,0.1616,0.0962,0.0279,False,None,2025-12-06T17:11:20.627726
739,Manufacturing,0.0078,0.1832,0.0844,0.022,False,None,2025-12-06T17:11:20.627735
740,Biotech,-0.4016,-0.1979,0.1008,0.0271,False,None,2025-12-06T17:11:20.627745
741,Consumer,-0.0252,0.1439,0.1262,0.0181,False,None,2025-12-06T17:11:20.627753
742,Biotech,0.1572,0.0471,0.1174,0.0184,False,None,2025-12-06T17:11:20.627765
743,Manufacturing,0.0143,0.0892,0.0889,0.025,False,None,2025-12-06T17:11:20.627773
744,Fintech,0.6,-0.3,0.0939,0.0221,True,HighGrowth_LowMargin,2025-12-06T17:11:20.627782
745,Fintech,0.0612,0.144,0.0289,0.0378,False,None,2025-12-06T17:11:20.627792
746,Consumer,0.1112,0.1786,0.0856,0.0236,False,None,2025-12-06T17:11:20.627801
747,Fintech,0.0997,0.1515,0.0908,0.0279,False,None,2025-12-06T17:11:20.627812
748,Consumer,0.1217,0.1485,0.0853,0.0291,False,None,2025-12-06T17:11:20.627820
749,SaaS,0.1421,0.1023,0.075,0.016,False,None,2025-12-06T17:11:20.627829
750,Manufacturing,0.0263,0.2428,0.0764,0.0258,False,None,2025-12-06T17:11:20.627838
751,Biotech,0.1717,-0.0492,0.0755,0.0279,False,None,2025-12-06T17:11:20.627847
752,SaaS,0.2036,-0.1541,0.0746,0.0229,False,None,2025-12-06T17:11:20.627855
753,SaaS,0.1218,0.1225,0.0959,0.0174,False,None,2025-12-06T17:11:20.627864
754,Manufacturing,0.0524,0.2059,0.0813,0.0173,False,None,2025-12-06T17:11:20.627873
755,SaaS,0.2163,0.265,0.0864,0.028,False,None,2025-12-06T17:11:20.627881
756,Biotech,-0.0639,-0.239,0.0372,0.021,False,None,2025-12-06T17:11:20.627890
757,Consumer,0.0025,0.0942,0.0641,0.0304,False,None,2025-12-06T17:11:20.627899
758,SaaS,0.1827,0.0643,0.0809,0.0395,False,None,2025-12-06T17:11:20.627908
759,Biotech,-0.253,-0.239,0.0696,0.0232,False,None,2025-12-06T17:11:20.627917
760,Manufacturing,0.0774,0.2014,0.096,0.024,False,None,2025-12-06T17:11:20.627926
761,Manufacturing,0.0673,0.1116,0.0567,0.0206,False,None,2025-12-06T17:11:20.627934
762,Manufacturing,-0.0029,0.2341,0.0548,0.0308,False,None,2025-12-06T17:11:20.627949
763,Manufacturing,0.0256,0.1066,0.0691,0.0098,False,None,2025-12-06T17:11:20.627958
764,Fintech,0.137,0.1528,0.0615,0.0298,False,None,2025-12-06T17:11:20.627967
765,Biotech,0.0552,0.098,0.0798,0.021,False,None,2025-12-06T17:11:20.627976
766,Fintech,0.0484,0.183,0.0761,0.0269,False,None,2025-12-06T17:11:20.627985
767,Biotech,0.2026,-0.2262,0.0609,0.0249,False,None,2025-12-06T17:11:20.627994
768,Consumer,-0.0234,0.1838,0.0711,0.0375,False,None,2025-12-06T17:11:20.628003
769,Biotech,0.0355,-0.1728,0.076,0.015,False,None,2025-12-06T17:11:20.628015
770,Biotech,0.0359,-0.2922,0.0807,0.0194,False,None,2025-12-06T17:11:20.628023
771,Biotech,0.0825,-0.174,0.0943,0.0254,False,None,2025-12-06T17:11:20.628032
772,Manufacturing,0.054,0.0965,0.0974,0.0243,False,None,2025-12-06T17:11:20.628046
773,Manufacturing,0.1038,0.213,0.0977,0.0338,False,None,2025-12-06T17:11:20.628055
774,SaaS,0.2295,0.1956,0.0914,0.0247,False,None,2025-12-06T17:11:20.628063
775,Manufacturing,0.0191,0.155,0.0712,0.0255,False,None,2025-12-06T17:11:20.628072
776,Consumer,0.1093,0.2131,0.0687,0.0354,False,None,2025-12-06T17:11:20.628082
777,Manufacturing,0.0521,0.0774,0.0409,0.0325,False,None,2025-12-06T17:11:20.628092
778,Fintech,-0.0595,0.2224,0.0973,0.0269,False,None,2025-12-06T17:11:20.628100
779,Consumer,-0.0083,0.1389,0.0966,0.0303,False,None,2025-12-06T17:11:20.628109
780,Biotech,0.08,0.0293,0.0622,0.0277,False,None,2025-12-06T17:11:20.628118
781,Consumer,0.0805,0.1018,0.0909,0.0282,False,None,2025-12-06T17:11:20.628130
782,Consumer,0.0118,0.089,0.0981,0.0315,False,None,2025-12-06T17:11:20.628139
783,Biotech,-0.1881,-0.4045,0.1242,0.0217,False,None,2025-12-06T17:11:20.628148
784,SaaS,0.248,0.2236,0.0443,0.024,False,None,2025-12-06T17:11:20.628156
785,Fintech,0.0227,0.1106,0.0505,0.0269,False,None,2025-12-06T17:11:20.628165
786,Consumer,0.0412,0.1796,0.0857,0.0298,False,None,2025-12-06T17:11:20.628174
787,Biotech,0.0436,0.0426,0.1006,0.0286,False,None,2025-12-06T17:11:20.628183
788,Fintech,-0.0225,0.1856,0.0755,0.0212,False,None,2025-12-06T17:11:20.628192
789,Biotech,0.2508,-0.1964,0.0638,0.0231,False,None,2025-12-06T17:11:20.628200
790,Fintech,0.0684,0.1479,0.0781,0.0283,False,None,2025-12-06T17:11:20.628209
791,Biotech,0.3072,0.2336,0.0836,0.0232,False,None,2025-12-06T17:11:20.628217
792,Consumer,0.0161,0.1323,0.1131,0.0274,False,None,2025-12-06T17:11:20.628225
793,Consumer,0.1061,0.1278,0.0654,0.0319,False,None,2025-12-06T17:11:20.628234
794,Manufacturing,0.0061,0.2485,0.104,0.0293,False,None,2025-12-06T17:11:20.628242
795,Fintech,0.0967,0.0769,0.102,0.0369,False,None,2025-12-06T17:11:20.628251
796,SaaS,0.1316,0.0213,0.0553,0.0318,False,None,2025-12-06T17:11:20.628261
797,Manufacturing,0.0391,0.0243,0.0769,0.0265,False,None,2025-12-06T17:11:20.628271
798,Fintech,0.1456,0.2362,0.0556,0.0276,False,None,2025-12-06T17:11:20.628283
799,SaaS,0.1415,0.2158,0.0972,0.0251,False,None,2025-12-06T17:11:20.628292
800,Consumer,0.0576,0.13,0.0977,0.0186,False,None,2025-12-06T17:11:20.628300
801,Fintech,-0.0036,0.1223,0.0974,0.0212,False,None,2025-12-06T17:11:20.628313
802,Biotech,0.2662,0.0285,0.0752,0.0209,False,None,2025-12-06T17:11:20.628321
803,Consumer,-0.0277,0.1339,0.0726,0.0263,False,None,2025-12-06T17:11:20.628330
804,Fintech,0.0595,0.1539,0.1005,0.0212,False,None,2025-12-06T17:11:20.628339
805,Biotech,-0.0076,0.0791,0.1114,0.0273,False,None,2025-12-06T17:11:20.628347
806,Fintech,0.0459,0.0603,0.0435,0.0188,False,None,2025-12-06T17:11:20.628356
807,SaaS,0.1569,0.2168,0.0977,0.0214,False,None,2025-12-06T17:11:20.628365
808,SaaS,0.0563,0.1284,0.0324,0.0182,False,None,2025-12-06T17:11:20.628373
809,SaaS,0.0761,0.2029,0.0947,0.021,False,None,2025-12-06T17:11:20.628382
810,Fintech,0.1598,0.1365,0.0836,0.0217,False,None,2025-12-06T17:11:20.628391
811,Biotech,-0.0627,-0.1638,0.0622,0.0227,False,None,2025-12-06T17:11:20.628400
812,Biotech,-0.0955,0.0143,0.0885,0.026,False,None,2025-12-06T17:11:20.628408
813,Consumer,0.0189,0.1606,0.0868,0.0269,False,None,2025-12-06T17:11:20.628417
814,Manufacturing,0.0288,0.1892,0.1078,0.0296,False,None,2025-12-06T17:11:20.628425
815,Biotech,-0.0366,-0.3234,0.0633,0.0208,False,None,2025-12-06T17:11:20.628435
816,Biotech,0.0822,-0.355,0.0747,0.0279,False,None,2025-12-06T17:11:20.628443
817,Consumer,-0.0071,0.2324,0.0628,0.023,False,None,2025-12-06T17:11:20.628452
818,Biotech,0.5454,0.051,0.0867,0.0273,False,None,2025-12-06T17:11:20.628461
819,Fintech,0.0341,0.1246,0.1009,0.0343,False,None,2025-12-06T17:11:20.628474
820,Manufacturing,0.0309,0.0911,0.1068,0.0261,False,None,2025-12-06T17:11:20.628486
821,Consumer,0.077,0.1295,0.1189,0.038,False,None,2025-12-06T17:11:20.628496
822,Biotech,0.6,-0.3,0.069,0.0195,True,HighGrowth_LowMargin,2025-12-06T17:11:20.628505
823,Consumer,0.0599,0.2225,0.0909,0.0275,False,None,2025-12-06T17:11:20.628517
824,SaaS,0.0218,0.1194,0.0849,0.0257,False,None,2025-12-06T17:11:20.628526
825,Manufacturing,0.0892,0.0931,0.0674,0.0297,False,None,2025-12-06T17:11:20.628535
826,Fintech,0.0135,0.1571,0.0702,0.0194,False,None,2025-12-06T17:11:20.628544
827,Biotech,0.3948,0.115,0.0798,0.0239,False,None,2025-12-06T17:11:20.628553
828,Consumer,0.0066,0.1658,0.0865,0.0242,False,None,2025-12-06T17:11:20.628561
829,Fintech,0.0792,0.0528,0.101,0.0299,False,None,2025-12-06T17:11:20.628569
830,Manufacturing,0.0549,0.1785,0.0986,0.0177,False,None,2025-12-06T17:11:20.628577
831,SaaS,0.1372,-0.1847,0.0553,0.0288,False,None,2025-12-06T17:11:20.628585
832,SaaS,0.363,0.0544,0.0942,0.0247,False,None,2025-12-06T17:11:20.628594
833,Fintech,0.042,0.1356,0.0592,0.0267,False,None,2025-12-06T17:11:20.628602
834,Manufacturing,0.1287,0.2137,0.09,0.0256,False,None,2025-12-06T17:11:20.628611
835,SaaS,0.2664,0.0719,0.0796,0.0279,False,None,2025-12-06T17:11:20.628620
836,Consumer,0.0845,0.1238,0.0466,0.015,False,None,2025-12-06T17:11:20.628631
837,SaaS,0.1993,-0.1655,0.0736,0.0261,False,None,2025-12-06T17:11:20.628639
838,SaaS,-0.0021,0.0031,0.1123,0.0237,False,None,2025-12-06T17:11:20.628648
839,Manufacturing,0.155,0.1016,0.0947,0.0219,False,None,2025-12-06T17:11:20.628657
840,Manufacturing,0.041,0.1429,0.0687,0.026,False,None,2025-12-06T17:11:20.628670
841,Consumer,0.148,0.1849,0.11,0.022,False,None,2025-12-06T17:11:20.628679
842,Manufacturing,0.1185,0.2333,0.059,0.0243,False,None,2025-12-06T17:11:20.628688
843,Manufacturing,0.0324,0.1724,0.0616,0.0317,False,None,2025-12-06T17:11:20.628696
844,SaaS,0.6,-0.3,0.0841,0.0214,True,HighGrowth_LowMargin,2025-12-06T17:11:20.628704
845,Consumer,0.0006,0.0822,0.0645,0.0343,False,None,2025-12-06T17:11:20.628714
846,Biotech,0.0443,-0.2061,0.0608,0.0325,False,None,2025-12-06T17:11:20.628722
847,Manufacturing,0.0893,0.177,0.0595,0.0272,False,None,2025-12-06T17:11:20.628731
848,Fintech,0.0791,0.1681,0.0727,0.032,False,None,2025-12-06T17:11:20.628740
849,SaaS,0.2169,0.2332,0.0584,0.0151,False,None,2025-12-06T17:11:20.628752
850,Biotech,0.1881,0.102,0.0673,0.0257,False,None,2025-12-06T17:11:20.628760
851,Biotech,0.4778,0.0318,0.0824,0.026,False,None,2025-12-06T17:11:20.628768
852,Fintech,0.1118,0.0304,0.0703,0.0222,False,None,2025-12-06T17:11:20.628776
853,Biotech,0.2037,-0.1346,0.0788,0.0262,False,None,2025-12-06T17:11:20.628785
854,Consumer,0.0381,0.1316,0.0689,0.0274,False,None,2025-12-06T17:11:20.628795
855,Manufacturing,0.0572,0.1647,0.0338,0.0216,False,None,2025-12-06T17:11:20.628803
856,Biotech,0.6,-0.3,0.0653,0.022,True,HighGrowth_LowMargin,2025-12-06T17:11:20.628811
857,Biotech,0.6,-0.3,0.089,0.0261,True,HighGrowth_LowMargin,2025-12-06T17:11:20.628819
858,Biotech,0.1418,-0.1137,0.0753,0.0315,False,None,2025-12-06T17:11:20.628827
859,Consumer,0.0494,0.1374,0.0697,0.0155,False,None,2025-12-06T17:11:20.628838
860,SaaS,0.2509,0.1261,0.02,0.0295,False,None,2025-12-06T17:11:20.628846
861,SaaS,0.411,0.1661,0.0704,0.022,False,None,2025-12-06T17:11:20.628855
862,Consumer,0.0136,0.2506,0.0808,0.0277,False,None,2025-12-06T17:11:20.628867
863,Fintech,0.1077,0.1601,0.0942,0.034,False,None,2025-12-06T17:11:20.628876
864,SaaS,0.2398,0.0494,0.0519,0.0271,False,None,2025-12-06T17:11:20.628885
865,Consumer,0.0956,0.1744,0.0971,0.0214,False,None,2025-12-06T17:11:20.628893
866,Consumer,0.0621,0.1349,0.0627,0.0205,False,None,2025-12-06T17:11:20.628902
867,Consumer,0.0859,0.1437,0.0577,0.0197,False,None,2025-12-06T17:11:20.628910
868,Biotech,0.4058,-0.2117,0.1196,0.0276,False,None,2025-12-06T17:11:20.628919
869,SaaS,0.1663,0.0417,0.0807,0.0255,False,None,2025-12-06T17:11:20.628928
870,Consumer,0.0181,0.1011,0.1099,0.0261,False,None,2025-12-06T17:11:20.628939
871,Biotech,-0.1552,-0.1062,0.0705,0.0311,False,None,2025-12-06T17:11:20.628948
872,Consumer,0.07,0.1339,0.0543,0.0297,False,None,2025-12-06T17:11:20.628956
873,Biotech,0.1385,-0.1459,0.0918,0.0201,False,None,2025-12-06T17:11:20.628965
874,Consumer,0.1001,0.041,0.1073,0.0216,False,None,2025-12-06T17:11:20.628977
875,SaaS,0.3389,0.0408,0.0754,0.0249,False,None,2025-12-06T17:11:20.628987
876,SaaS,0.151,0.1629,0.0704,0.0302,False,None,2025-12-06T17:11:20.628995
877,Fintech,-0.0214,0.1263,0.097,0.0232,False,None,2025-12-06T17:11:20.629005
878,Manufacturing,0.0157,0.1487,0.0901,0.0216,False,None,2025-12-06T17:11:20.629013
879,Fintech,0.0799,0.0999,0.1229,0.0185,False,None,2025-12-06T17:11:20.629024
880,Consumer,0.0602,0.1919,0.0738,0.0215,False,None,2025-12-06T17:11:20.629033
881,Biotech,0.3053,0.0695,0.079,0.0321,False,None,2025-12-06T17:11:20.629043
882,Manufacturing,0.0255,0.205,0.0725,0.0249,False,None,2025-12-06T17:11:20.629051
883,SaaS,0.1499,0.1289,0.087,0.026,False,None,2025-12-06T17:11:20.629060
884,Fintech,0.0121,0.1829,0.1028,0.025,False,None,2025-12-06T17:11:20.629079
885,SaaS,0.2128,0.3419,0.0721,0.0262,False,None,2025-12-06T17:11:20.629088
886,Consumer,0.12,0.1647,0.04,0.0142,False,None,2025-12-06T17:11:20.629097
887,Manufacturing,0.024,0.2217,0.0813,0.0259,False,None,2025-12-06T17:11:20.629106
888,Biotech,0.0841,-0.0976,0.0566,0.0257,False,None,2025-12-06T17:11:20.629115
889,Fintech,-0.0418,0.1774,0.0871,0.0263,False,None,2025-12-06T17:11:20.629123
890,Consumer,0.0163,0.0967,0.0914,0.0212,False,None,2025-12-06T17:11:20.629132
891,SaaS,0.2044,0.0806,0.0782,0.0244,False,None,2025-12-06T17:11:20.629140
892,SaaS,0.2573,0.0743,0.0479,0.0222,False,None,2025-12-06T17:11:20.629149
893,Fintech,-0.0039,0.2621,0.0873,0.023,False,None,2025-12-06T17:11:20.629158
894,Fintech,-0.0049,0.2799,0.08,0.0269,False,None,2025-12-06T17:11:20.629166
895,SaaS,0.0938,0.1648,0.1167,0.0195,False,None,2025-12-06T17:11:20.629175
896,Biotech,-0.1026,-0.1546,0.0531,0.0212,False,None,2025-12-06T17:11:20.629184
897,Biotech,0.0606,-0.1045,0.055,0.0195,False,None,2025-12-06T17:11:20.629192
898,Fintech,0.1435,0.1623,0.0608,0.013,False,None,2025-12-06T17:11:20.629204
899,Fintech,0.0488,0.1576,0.0726,0.0327,False,None,2025-12-06T17:11:20.629215
900,Manufacturing,0.0741,0.0726,0.0712,0.016,False,None,2025-12-06T17:11:20.629227
901,Fintech,-0.0096,0.1928,0.0672,0.0269,False,None,2025-12-06T17:11:20.629236
902,Manufacturing,0.049,0.1092,0.0907,0.0169,False,None,2025-12-06T17:11:20.629244
903,Fintech,0.0869,0.2134,0.1039,0.0241,False,None,2025-12-06T17:11:20.629252
904,Manufacturing,0.0442,0.0747,0.0748,0.0257,False,None,2025-12-06T17:11:20.629261
905,Biotech,0.0149,0.1729,0.0821,0.0223,False,None,2025-12-06T17:11:20.629271
906,Consumer,0.0326,0.2491,0.0805,0.0276,False,None,2025-12-06T17:11:20.629279
907,Manufacturing,0.0217,0.1443,0.0799,0.0127,False,None,2025-12-06T17:11:20.629288
908,SaaS,0.6,-0.3,0.104,0.0262,True,HighGrowth_LowMargin,2025-12-06T17:11:20.629296
909,Consumer,0.0668,0.1288,0.0959,0.0241,False,None,2025-12-06T17:11:20.629305
910,Consumer,-0.041,0.1882,0.0305,0.0164,False,None,2025-12-06T17:11:20.629315
911,Fintech,0.0577,0.176,0.0985,0.025,False,None,2025-12-06T17:11:20.629324
912,Biotech,-0.1737,0.1142,0.1076,0.0253,False,None,2025-12-06T17:11:20.629334
913,Fintech,0.6,-0.3,0.0889,0.0275,True,HighGrowth_LowMargin,2025-12-06T17:11:20.629343
914,Consumer,0.0355,0.1836,0.0708,0.0319,False,None,2025-12-06T17:11:20.629351
915,Fintech,0.1258,0.1585,0.073,0.0184,False,None,2025-12-06T17:11:20.629360
916,Manufacturing,0.1006,0.1924,0.0587,0.026,False,None,2025-12-06T17:11:20.629369
917,Fintech,0.1253,0.1682,0.0859,0.029,False,None,2025-12-06T17:11:20.629378
918,Fintech,0.0618,0.1014,0.0812,0.0234,False,None,2025-12-06T17:11:20.629391
919,Manufacturing,0.0067,0.143,0.0786,0.0244,False,None,2025-12-06T17:11:20.629400
920,Consumer,0.0461,0.1027,0.0831,0.0251,False,None,2025-12-06T17:11:20.629409
921,Biotech,0.3334,0.0212,0.1035,0.0281,False,None,2025-12-06T17:11:20.629421
922,Biotech,-0.1173,-0.1321,0.0877,0.0266,False,None,2025-12-06T17:11:20.629430
923,Biotech,0.2842,0.0134,0.0938,0.0301,False,None,2025-12-06T17:11:20.629439
924,Biotech,0.2484,-0.2597,0.1013,0.0221,False,None,2025-12-06T17:11:20.629449
925,Consumer,-0.0397,0.1822,0.0892,0.0243,False,None,2025-12-06T17:11:20.629460
926,Consumer,-0.0803,0.1435,0.057,0.0245,False,None,2025-12-06T17:11:20.629469
927,Consumer,0.0624,0.0242,0.034,0.0279,False,None,2025-12-06T17:11:20.629478
928,Biotech,0.2286,-0.1046,0.0803,0.0217,False,None,2025-12-06T17:11:20.629486
929,Manufacturing,-0.0035,0.1367,0.0901,0.0309,False,None,2025-12-06T17:11:20.629494
930,Manufacturing,0.16,0.1156,0.0471,0.0331,False,None,2025-12-06T17:11:20.629504
931,SaaS,0.2409,0.0129,0.0979,0.025,False,None,2025-12-06T17:11:20.629513
932,SaaS,0.1201,0.1465,0.1001,0.0279,False,None,2025-12-06T17:11:20.629521
933,Fintech,0.062,0.194,0.1018,0.0313,False,None,2025-12-06T17:11:20.629531
934,Biotech,-0.0344,0.0615,0.0994,0.032,False,None,2025-12-06T17:11:20.629539
935,Fintech,0.0435,0.0788,0.0619,0.0258,False,None,2025-12-06T17:11:20.629548
936,Manufacturing,0.0448,0.1146,0.1249,0.0157,False,None,2025-12-06T17:11:20.629556
937,Biotech,-0.0232,0.0242,0.0651,0.0208,False,None,2025-12-06T17:11:20.629567
938,Manufacturing,0.0563,0.2067,0.119,0.0233,False,None,2025-12-06T17:11:20.629576
939,Manufacturing,0.0936,0.1928,0.0775,0.0364,False,None,2025-12-06T17:11:20.629585
940,Fintech,0.0818,0.1561,0.0931,0.0252,False,None,2025-12-06T17:11:20.629594
941,Consumer,0.0575,0.1365,0.0795,0.0341,False,None,2025-12-06T17:11:20.629602
942,SaaS,0.6,-0.3,0.0896,0.0256,True,HighGrowth_LowMargin,2025-12-06T17:11:20.629610
943,Fintech,0.0143,0.1711,0.0931,0.0232,False,None,2025-12-06T17:11:20.629619
944,Manufacturing,0.0689,0.1442,0.0856,0.0232,False,None,2025-12-06T17:11:20.629627
945,Biotech,0.3136,-0.1017,0.1356,0.0127,False,None,2025-12-06T17:11:20.629636
946,Fintech,-0.0306,0.0796,0.0341,0.0249,False,None,2025-12-06T17:11:20.629644
947,Manufacturing,0.0169,0.2195,0.0818,0.0271,False,None,2025-12-06T17:11:20.629652
948,Consumer,0.0376,0.0831,0.116,0.0236,False,None,2025-12-06T17:11:20.629662
949,Manufacturing,0.025,0.1113,0.1129,0.0269,False,None,2025-12-06T17:11:20.629671
950,Biotech,0.3534,-0.3037,0.0442,0.0213,False,None,2025-12-06T17:11:20.629680
951,Manufacturing,-0.0094,0.2004,0.0726,0.0256,False,None,2025-12-06T17:11:20.629692
952,Consumer,0.0724,0.1457,0.0522,0.024,False,None,2025-12-06T17:11:20.629701
953,Biotech,0.172,-0.1574,0.0523,0.0187,False,None,2025-12-06T17:11:20.629710
954,Biotech,0.6,-0.3,0.139,0.0278,True,HighGrowth_LowMargin,2025-12-06T17:11:20.629719
955,Manufacturing,0.0435,0.2019,0.06,0.0194,False,None,2025-12-06T17:11:20.629728
956,Biotech,0.0644,-0.3547,0.0858,0.021,False,None,2025-12-06T17:11:20.629736
957,Biotech,-0.031,0.0071,0.0662,0.0216,False,None,2025-12-06T17:11:20.629750
958,SaaS,0.2523,-0.0164,0.1086,0.0319,False,None,2025-12-06T17:11:20.629759
959,Biotech,0.4495,-0.1418,0.0506,0.0193,False,None,2025-12-06T17:11:20.629769
960,Consumer,0.021,0.0814,0.1042,0.0301,False,None,2025-12-06T17:11:20.629777
961,Fintech,0.0621,0.0957,0.0916,0.0242,False,None,2025-12-06T17:11:20.629787
962,SaaS,0.051,0.1118,0.0606,0.0201,False,None,2025-12-06T17:11:20.629796
963,SaaS,0.2243,0.1956,0.0477,0.0239,False,None,2025-12-06T17:11:20.629809
964,Consumer,0.0483,0.1296,0.0657,0.0247,False,None,2025-12-06T17:11:20.629818
965,Consumer,0.0704,0.2332,0.0875,0.0274,False,None,2025-12-06T17:11:20.629827
966,Manufacturing,0.0652,0.1622,0.0816,0.0268,False,None,2025-12-06T17:11:20.629836
967,Fintech,0.6,-0.3,0.0824,0.0309,True,HighGrowth_LowMargin,2025-12-06T17:11:20.629846
968,Consumer,0.0805,0.2778,0.0753,0.0248,False,None,2025-12-06T17:11:20.629854
969,SaaS,0.2967,0.1239,0.053,0.0197,False,None,2025-12-06T17:11:20.629865
970,Manufacturing,0.0161,0.1739,0.1015,0.0268,False,None,2025-12-06T17:11:20.629874
971,Fintech,0.0295,0.1061,0.1144,0.0221,False,None,2025-12-06T17:11:20.629915
972,Fintech,-0.0009,0.0912,0.0823,0.0283,False,None,2025-12-06T17:11:20.629925
973,SaaS,0.1121,0.2972,0.0963,0.0275,False,None,2025-12-06T17:11:20.629938
974,Manufacturing,0.0687,0.2026,0.0493,0.0238,False,None,2025-12-06T17:11:20.629954
975,Biotech,0.0545,-0.2824,0.0634,0.0161,False,None,2025-12-06T17:11:20.629964
976,Biotech,-0.047,-0.0316,0.0688,0.0334,False,None,2025-12-06T17:11:20.629980
977,SaaS,0.1747,0.2064,0.0843,0.0297,False,None,2025-12-06T17:11:20.629988
978,Biotech,0.0265,-0.1033,0.0774,0.0276,False,None,2025-12-06T17:11:20.629997
979,SaaS,0.0364,-0.0865,0.071,0.0207,False,None,2025-12-06T17:11:20.630006
980,Biotech,0.2018,-0.4049,0.0896,0.0199,False,None,2025-12-06T17:11:20.630015
981,SaaS,0.096,0.2428,0.0726,0.0316,False,None,2025-12-06T17:11:20.630024
982,Biotech,-0.0081,-0.5076,0.0615,0.0326,False,None,2025-12-06T17:11:20.630033
983,SaaS,0.1779,0.2924,0.0743,0.0228,False,None,2025-12-06T17:11:20.630042
984,Biotech,0.1905,-0.2626,0.0975,0.0225,False,None,2025-12-06T17:11:20.630051
985,Manufacturing,-0.0358,0.2042,0.0251,0.0213,False,None,2025-12-06T17:11:20.630060
986,Biotech,-0.0082,0.066,0.0769,0.0261,False,None,2025-12-06T17:11:20.630069
987,Fintech,0.0606,0.1774,0.0463,0.038,False,None,2025-12-06T17:11:20.630078
988,SaaS,0.2492,0.0244,0.0808,0.0232,False,None,2025-12-06T17:11:20.630086
989,Manufacturing,0.0596,0.144,0.0773,0.0262,False,None,2025-12-06T17:11:20.630095
990,Biotech,0.2056,-0.2751,0.0491,0.0207,False,None,2025-12-06T17:11:20.630104
991,Biotech,0.6,-0.3,0.0914,0.0239,True,HighGrowth_LowMargin,2025-12-06T17:11:20.630115
992,Manufacturing,0.1282,0.1903,0.1008,0.0181,False,None,2025-12-06T17:11:20.630125
993,Consumer,-0.0221,0.0952,0.0821,0.0286,False,None,2025-12-06T17:11:20.630135
994,Fintech,-0.0239,0.1998,0.0748,0.0243,False,None,2025-12-06T17:11:20.630144
995,Manufacturing,0.0536,0.2096,0.1016,0.0246,False,None,2025-12-06T17:11:20.630152
996,Fintech,-0.0041,0.1976,0.0646,0.0273,False,None,2025-12-06T17:11:20.630166
997,Manufacturing,-0.0114,0.2833,0.0967,0.0267,False,None,2025-12-06T17:11:20.630176
998,Biotech,-0.0365,-0.1141,0.1093,0.0394,False,None,2025-12-06T17:11:20.630185
999,Fintech,0.0481,0.1163,0.0836,0.0233,False,None,2025-12-06T17:11:20.630194
1000,Consumer,0.0188,0.1499,0.0884,0.0174,False,None,2025-12-06T17:11:20.630203
